상품명,일련번호,소득최소금액,소득최대금액,보증금최소금액,보증금최대금액,대출최소기간,대출최대기간,기본금리
내집마련디딤돌대출 일반,1,0 ,20000000 ,0 ,0 ,0 ,120 ,2.85 
내집마련디딤돌대출 일반,2,0 ,20000000 ,0 ,0 ,120 ,180 ,2.95 
내집마련디딤돌대출 일반,3,0 ,20000000 ,0 ,0 ,180 ,240 ,3.05 
내집마련디딤돌대출 일반,4,0 ,20000000 ,0 ,0 ,240 ,360 ,3.10 
내집마련디딤돌대출 일반,5,20000000 ,40000000 ,0 ,0 ,0 ,120 ,3.20 
내집마련디딤돌대출 일반,6,20000000 ,40000000 ,0 ,0 ,120 ,180 ,3.30 
내집마련디딤돌대출 일반,7,20000000 ,40000000 ,0 ,0 ,180 ,240 ,3.40 
내집마련디딤돌대출 일반,8,20000000 ,40000000 ,0 ,0 ,240 ,360 ,3.45 
내집마련디딤돌대출 일반,9,40000000 ,70000000 ,0 ,0 ,0 ,120 ,3.55 
내집마련디딤돌대출 일반,10,40000000 ,70000000 ,0 ,0 ,120 ,180 ,3.65 
내집마련디딤돌대출 일반,11,40000000 ,70000000 ,0 ,0 ,180 ,240 ,3.75 
내집마련디딤돌대출 일반,12,40000000 ,70000000 ,0 ,0 ,240 ,360 ,3.80 
내집마련디딤돌대출 일반,13,70000000 ,85000000 ,0 ,0 ,0 ,120 ,3.90 
내집마련디딤돌대출 일반,14,70000000 ,85000000 ,0 ,0 ,120 ,180 ,4.00 
내집마련디딤돌대출 일반,15,70000000 ,85000000 ,0 ,0 ,180 ,240 ,4.10 
내집마련디딤돌대출 일반,16,70000000 ,85000000 ,0 ,0 ,240 ,360 ,4.15 
내집마련디딤돌대출 유한책임,1,0 ,20000000 ,0 ,0 ,0 ,120 ,2.85 
내집마련디딤돌대출 유한책임,2,0 ,20000000 ,0 ,0 ,120 ,180 ,2.95 
내집마련디딤돌대출 유한책임,3,0 ,20000000 ,0 ,0 ,180 ,240 ,3.05 
내집마련디딤돌대출 유한책임,4,0 ,20000000 ,0 ,0 ,240 ,360 ,3.10 
내집마련디딤돌대출 유한책임,5,20000000 ,40000000 ,0 ,0 ,0 ,120 ,3.20 
내집마련디딤돌대출 유한책임,6,20000000 ,40000000 ,0 ,0 ,120 ,180 ,3.30 
내집마련디딤돌대출 유한책임,7,20000000 ,40000000 ,0 ,0 ,180 ,240 ,3.40 
내집마련디딤돌대출 유한책임,8,20000000 ,40000000 ,0 ,0 ,240 ,360 ,3.45 
내집마련디딤돌대출 유한책임,9,40000000 ,70000000 ,0 ,0 ,0 ,120 ,3.55 
내집마련디딤돌대출 유한책임,10,40000000 ,70000000 ,0 ,0 ,120 ,180 ,3.65 
내집마련디딤돌대출 유한책임,11,40000000 ,70000000 ,0 ,0 ,180 ,240 ,3.75 
내집마련디딤돌대출 유한책임,12,40000000 ,70000000 ,0 ,0 ,240 ,360 ,3.80 
내집마련디딤돌대출 유한책임,13,70000000 ,85000000 ,0 ,0 ,0 ,120 ,3.90 
내집마련디딤돌대출 유한책임,14,70000000 ,85000000 ,0 ,0 ,120 ,180 ,4.00 
내집마련디딤돌대출 유한책임,15,70000000 ,85000000 ,0 ,0 ,180 ,240 ,4.10 
내집마련디딤돌대출 유한책임,16,70000000 ,85000000 ,0 ,0 ,240 ,360 ,4.15 
내집마련디딤돌대출 일반구입자금보증(HF),1,0 ,20000000 ,0 ,0 ,0 ,120 ,2.85 
내집마련디딤돌대출 일반구입자금보증(HF),2,0 ,20000000 ,0 ,0 ,120 ,180 ,2.95 
내집마련디딤돌대출 일반구입자금보증(HF),3,0 ,20000000 ,0 ,0 ,180 ,240 ,3.05 
내집마련디딤돌대출 일반구입자금보증(HF),4,0 ,20000000 ,0 ,0 ,240 ,360 ,3.10 
내집마련디딤돌대출 일반구입자금보증(HF),5,20000000 ,40000000 ,0 ,0 ,0 ,120 ,3.20 
내집마련디딤돌대출 일반구입자금보증(HF),6,20000000 ,40000000 ,0 ,0 ,120 ,180 ,3.30 
내집마련디딤돌대출 일반구입자금보증(HF),7,20000000 ,40000000 ,0 ,0 ,180 ,240 ,3.40 
내집마련디딤돌대출 일반구입자금보증(HF),8,20000000 ,40000000 ,0 ,0 ,240 ,360 ,3.45 
내집마련디딤돌대출 일반구입자금보증(HF),9,40000000 ,70000000 ,0 ,0 ,0 ,120 ,3.55 
내집마련디딤돌대출 일반구입자금보증(HF),10,40000000 ,70000000 ,0 ,0 ,120 ,180 ,3.65 
내집마련디딤돌대출 일반구입자금보증(HF),11,40000000 ,70000000 ,0 ,0 ,180 ,240 ,3.75 
내집마련디딤돌대출 일반구입자금보증(HF),12,40000000 ,70000000 ,0 ,0 ,240 ,360 ,3.80 
내집마련디딤돌대출 일반구입자금보증(HF),13,70000000 ,85000000 ,0 ,0 ,0 ,120 ,3.90 
내집마련디딤돌대출 일반구입자금보증(HF),14,70000000 ,85000000 ,0 ,0 ,120 ,180 ,4.00 
내집마련디딤돌대출 일반구입자금보증(HF),15,70000000 ,85000000 ,0 ,0 ,180 ,240 ,4.10 
내집마련디딤돌대출 일반구입자금보증(HF),16,70000000 ,85000000 ,0 ,0 ,240 ,360 ,4.15 
내집마련디딤돌대출 생애최초특례구입자금보증(HF),1,0 ,20000000 ,0 ,0 ,0 ,120 ,2.85 
내집마련디딤돌대출 생애최초특례구입자금보증(HF),2,0 ,20000000 ,0 ,0 ,120 ,180 ,2.95 
내집마련디딤돌대출 생애최초특례구입자금보증(HF),3,0 ,20000000 ,0 ,0 ,180 ,240 ,3.05 
내집마련디딤돌대출 생애최초특례구입자금보증(HF),4,0 ,20000000 ,0 ,0 ,240 ,360 ,3.10 
내집마련디딤돌대출 생애최초특례구입자금보증(HF),5,20000000 ,40000000 ,0 ,0 ,0 ,120 ,3.20 
내집마련디딤돌대출 생애최초특례구입자금보증(HF),6,20000000 ,40000000 ,0 ,0 ,120 ,180 ,3.30 
내집마련디딤돌대출 생애최초특례구입자금보증(HF),7,20000000 ,40000000 ,0 ,0 ,180 ,240 ,3.40 
내집마련디딤돌대출 생애최초특례구입자금보증(HF),8,20000000 ,40000000 ,0 ,0 ,240 ,360 ,3.45 
내집마련디딤돌대출 생애최초특례구입자금보증(HF),9,40000000 ,70000000 ,0 ,0 ,0 ,120 ,3.55 
내집마련디딤돌대출 생애최초특례구입자금보증(HF),10,40000000 ,70000000 ,0 ,0 ,120 ,180 ,3.65 
내집마련디딤돌대출 생애최초특례구입자금보증(HF),11,40000000 ,70000000 ,0 ,0 ,180 ,240 ,3.75 
내집마련디딤돌대출 생애최초특례구입자금보증(HF),12,40000000 ,70000000 ,0 ,0 ,240 ,360 ,3.80 
내집마련디딤돌대출 생애최초특례구입자금보증(HF),13,70000000 ,85000000 ,0 ,0 ,0 ,120 ,3.90 
내집마련디딤돌대출 생애최초특례구입자금보증(HF),14,70000000 ,85000000 ,0 ,0 ,120 ,180 ,4.00 
내집마련디딤돌대출 생애최초특례구입자금보증(HF),15,70000000 ,85000000 ,0 ,0 ,180 ,240 ,4.10 
내집마련디딤돌대출 생애최초특례구입자금보증(HF),16,70000000 ,85000000 ,0 ,0 ,240 ,360 ,4.15 
내집마련디딤돌대출 신혼부부전용 일반,1,0 ,20000000 ,0 ,0 ,0 ,120 ,2.55 
내집마련디딤돌대출 신혼부부전용 일반,2,0 ,20000000 ,0 ,0 ,120 ,180 ,2.65 
내집마련디딤돌대출 신혼부부전용 일반,3,0 ,20000000 ,0 ,0 ,180 ,240 ,2.75 
내집마련디딤돌대출 신혼부부전용 일반,4,0 ,20000000 ,0 ,0 ,240 ,360 ,2.80 
내집마련디딤돌대출 신혼부부전용 일반,5,20000000 ,40000000 ,0 ,0 ,0 ,120 ,2.90 
내집마련디딤돌대출 신혼부부전용 일반,6,20000000 ,40000000 ,0 ,0 ,120 ,180 ,3.00 
내집마련디딤돌대출 신혼부부전용 일반,7,20000000 ,40000000 ,0 ,0 ,180 ,240 ,3.10 
내집마련디딤돌대출 신혼부부전용 일반,8,20000000 ,40000000 ,0 ,0 ,240 ,360 ,3.15 
내집마련디딤돌대출 신혼부부전용 일반,9,40000000 ,70000000 ,0 ,0 ,0 ,120 ,3.25 
내집마련디딤돌대출 신혼부부전용 일반,10,40000000 ,70000000 ,0 ,0 ,120 ,180 ,3.35 
내집마련디딤돌대출 신혼부부전용 일반,11,40000000 ,70000000 ,0 ,0 ,180 ,240 ,3.45 
내집마련디딤돌대출 신혼부부전용 일반,12,40000000 ,70000000 ,0 ,0 ,240 ,360 ,3.50 
내집마련디딤돌대출 신혼부부전용 일반,13,70000000 ,85000000 ,0 ,0 ,0 ,120 ,3.60 
내집마련디딤돌대출 신혼부부전용 일반,14,70000000 ,85000000 ,0 ,0 ,120 ,180 ,3.70 
내집마련디딤돌대출 신혼부부전용 일반,15,70000000 ,85000000 ,0 ,0 ,180 ,240 ,3.80 
내집마련디딤돌대출 신혼부부전용 일반,16,70000000 ,85000000 ,0 ,0 ,240 ,360 ,3.85 
내집마련디딤돌대출 신혼부부전용 유한책임,1,0 ,20000000 ,0 ,0 ,0 ,120 ,2.55 
내집마련디딤돌대출 신혼부부전용 유한책임,2,0 ,20000000 ,0 ,0 ,120 ,180 ,2.65 
내집마련디딤돌대출 신혼부부전용 유한책임,3,0 ,20000000 ,0 ,0 ,180 ,240 ,2.75 
내집마련디딤돌대출 신혼부부전용 유한책임,4,0 ,20000000 ,0 ,0 ,240 ,360 ,2.80 
내집마련디딤돌대출 신혼부부전용 유한책임,5,20000000 ,40000000 ,0 ,0 ,0 ,120 ,2.90 
내집마련디딤돌대출 신혼부부전용 유한책임,6,20000000 ,40000000 ,0 ,0 ,120 ,180 ,3.00 
내집마련디딤돌대출 신혼부부전용 유한책임,7,20000000 ,40000000 ,0 ,0 ,180 ,240 ,3.10 
내집마련디딤돌대출 신혼부부전용 유한책임,8,20000000 ,40000000 ,0 ,0 ,240 ,360 ,3.15 
내집마련디딤돌대출 신혼부부전용 유한책임,9,40000000 ,70000000 ,0 ,0 ,0 ,120 ,3.25 
내집마련디딤돌대출 신혼부부전용 유한책임,10,40000000 ,70000000 ,0 ,0 ,120 ,180 ,3.35 
내집마련디딤돌대출 신혼부부전용 유한책임,11,40000000 ,70000000 ,0 ,0 ,180 ,240 ,3.45 
내집마련디딤돌대출 신혼부부전용 유한책임,12,40000000 ,70000000 ,0 ,0 ,240 ,360 ,3.50 
내집마련디딤돌대출 신혼부부전용 유한책임,13,70000000 ,85000000 ,0 ,0 ,0 ,120 ,3.60 
내집마련디딤돌대출 신혼부부전용 유한책임,14,70000000 ,85000000 ,0 ,0 ,120 ,180 ,3.70 
내집마련디딤돌대출 신혼부부전용 유한책임,15,70000000 ,85000000 ,0 ,0 ,180 ,240 ,3.80 
내집마련디딤돌대출 신혼부부전용 유한책임,16,70000000 ,85000000 ,0 ,0 ,240 ,360 ,3.85 
내집마련디딤돌대출 신혼부부전용 일반구입자금보증(HF),1,0 ,20000000 ,0 ,0 ,0 ,120 ,2.55 
내집마련디딤돌대출 신혼부부전용 일반구입자금보증(HF),2,0 ,20000000 ,0 ,0 ,120 ,180 ,2.65 
내집마련디딤돌대출 신혼부부전용 일반구입자금보증(HF),3,0 ,20000000 ,0 ,0 ,180 ,240 ,2.75 
내집마련디딤돌대출 신혼부부전용 일반구입자금보증(HF),4,0 ,20000000 ,0 ,0 ,240 ,360 ,2.80 
내집마련디딤돌대출 신혼부부전용 일반구입자금보증(HF),5,20000000 ,40000000 ,0 ,0 ,0 ,120 ,2.90 
내집마련디딤돌대출 신혼부부전용 일반구입자금보증(HF),6,20000000 ,40000000 ,0 ,0 ,120 ,180 ,3.00 
내집마련디딤돌대출 신혼부부전용 일반구입자금보증(HF),7,20000000 ,40000000 ,0 ,0 ,180 ,240 ,3.10 
내집마련디딤돌대출 신혼부부전용 일반구입자금보증(HF),8,20000000 ,40000000 ,0 ,0 ,240 ,360 ,3.15 
내집마련디딤돌대출 신혼부부전용 일반구입자금보증(HF),9,40000000 ,70000000 ,0 ,0 ,0 ,120 ,3.25 
내집마련디딤돌대출 신혼부부전용 일반구입자금보증(HF),10,40000000 ,70000000 ,0 ,0 ,120 ,180 ,3.35 
내집마련디딤돌대출 신혼부부전용 일반구입자금보증(HF),11,40000000 ,70000000 ,0 ,0 ,180 ,240 ,3.45 
내집마련디딤돌대출 신혼부부전용 일반구입자금보증(HF),12,40000000 ,70000000 ,0 ,0 ,240 ,360 ,3.50 
내집마련디딤돌대출 신혼부부전용 일반구입자금보증(HF),13,70000000 ,85000000 ,0 ,0 ,0 ,120 ,3.60 
내집마련디딤돌대출 신혼부부전용 일반구입자금보증(HF),14,70000000 ,85000000 ,0 ,0 ,120 ,180 ,3.70 
내집마련디딤돌대출 신혼부부전용 일반구입자금보증(HF),15,70000000 ,85000000 ,0 ,0 ,180 ,240 ,3.80 
내집마련디딤돌대출 신혼부부전용 일반구입자금보증(HF),16,70000000 ,85000000 ,0 ,0 ,240 ,360 ,3.85 
내집마련디딤돌대출 신혼부부전용 생애최초특례구입자금보증(HF),1,0 ,20000000 ,0 ,0 ,0 ,120 ,2.55 
내집마련디딤돌대출 신혼부부전용 생애최초특례구입자금보증(HF),2,0 ,20000000 ,0 ,0 ,120 ,180 ,2.65 
내집마련디딤돌대출 신혼부부전용 생애최초특례구입자금보증(HF),3,0 ,20000000 ,0 ,0 ,180 ,240 ,2.75 
내집마련디딤돌대출 신혼부부전용 생애최초특례구입자금보증(HF),4,0 ,20000000 ,0 ,0 ,240 ,360 ,2.80 
내집마련디딤돌대출 신혼부부전용 생애최초특례구입자금보증(HF),5,20000000 ,40000000 ,0 ,0 ,0 ,120 ,2.90 
내집마련디딤돌대출 신혼부부전용 생애최초특례구입자금보증(HF),6,20000000 ,40000000 ,0 ,0 ,120 ,180 ,3.00 
내집마련디딤돌대출 신혼부부전용 생애최초특례구입자금보증(HF),7,20000000 ,40000000 ,0 ,0 ,180 ,240 ,3.10 
내집마련디딤돌대출 신혼부부전용 생애최초특례구입자금보증(HF),8,20000000 ,40000000 ,0 ,0 ,240 ,360 ,3.15 
내집마련디딤돌대출 신혼부부전용 생애최초특례구입자금보증(HF),9,40000000 ,70000000 ,0 ,0 ,0 ,120 ,3.25 
내집마련디딤돌대출 신혼부부전용 생애최초특례구입자금보증(HF),10,40000000 ,70000000 ,0 ,0 ,120 ,180 ,3.35 
내집마련디딤돌대출 신혼부부전용 생애최초특례구입자금보증(HF),11,40000000 ,70000000 ,0 ,0 ,180 ,240 ,3.45 
내집마련디딤돌대출 신혼부부전용 생애최초특례구입자금보증(HF),12,40000000 ,70000000 ,0 ,0 ,240 ,360 ,3.50 
내집마련디딤돌대출 신혼부부전용 생애최초특례구입자금보증(HF),13,70000000 ,85000000 ,0 ,0 ,0 ,120 ,3.60 
내집마련디딤돌대출 신혼부부전용 생애최초특례구입자금보증(HF),14,70000000 ,85000000 ,0 ,0 ,120 ,180 ,3.70 
내집마련디딤돌대출 신혼부부전용 생애최초특례구입자금보증(HF),15,70000000 ,85000000 ,0 ,0 ,180 ,240 ,3.80 
내집마련디딤돌대출 신혼부부전용 생애최초특례구입자금보증(HF),16,70000000 ,85000000 ,0 ,0 ,240 ,360 ,3.85 
전세사기피해자 전용 디딤돌대출,1,0 ,20000000 ,0 ,0 ,0 ,120 ,1.85 
전세사기피해자 전용 디딤돌대출,2,0 ,20000000 ,0 ,0 ,120 ,180 ,1.95 
전세사기피해자 전용 디딤돌대출,3,0 ,20000000 ,0 ,0 ,180 ,240 ,2.05 
전세사기피해자 전용 디딤돌대출,4,0 ,20000000 ,0 ,0 ,240 ,360 ,2.10 
전세사기피해자 전용 디딤돌대출,5,20000000 ,40000000 ,0 ,0 ,0 ,120 ,2.20 
전세사기피해자 전용 디딤돌대출,6,20000000 ,40000000 ,0 ,0 ,120 ,180 ,2.30 
전세사기피해자 전용 디딤돌대출,7,20000000 ,40000000 ,0 ,0 ,180 ,240 ,2.40 
전세사기피해자 전용 디딤돌대출,8,20000000 ,40000000 ,0 ,0 ,240 ,360 ,2.45 
전세사기피해자 전용 디딤돌대출,9,40000000 ,70000000 ,0 ,0 ,0 ,120 ,2.45 
전세사기피해자 전용 디딤돌대출,10,40000000 ,70000000 ,0 ,0 ,120 ,180 ,2.55 
전세사기피해자 전용 디딤돌대출,11,40000000 ,70000000 ,0 ,0 ,180 ,240 ,2.65 
전세사기피해자 전용 디딤돌대출,12,40000000 ,70000000 ,0 ,0 ,240 ,360 ,2.70 
전세사기피해자 전용 디딤돌대출 특례구입자금보증(HF),1,0 ,20000000 ,0 ,0 ,0 ,120 ,1.85 
전세사기피해자 전용 디딤돌대출 특례구입자금보증(HF),2,0 ,20000000 ,0 ,0 ,120 ,180 ,1.95 
전세사기피해자 전용 디딤돌대출 특례구입자금보증(HF),3,0 ,20000000 ,0 ,0 ,180 ,240 ,2.05 
전세사기피해자 전용 디딤돌대출 특례구입자금보증(HF),4,0 ,20000000 ,0 ,0 ,240 ,360 ,2.10 
전세사기피해자 전용 디딤돌대출 특례구입자금보증(HF),5,20000000 ,40000000 ,0 ,0 ,0 ,120 ,2.20 
전세사기피해자 전용 디딤돌대출 특례구입자금보증(HF),6,20000000 ,40000000 ,0 ,0 ,120 ,180 ,2.30 
전세사기피해자 전용 디딤돌대출 특례구입자금보증(HF),7,20000000 ,40000000 ,0 ,0 ,180 ,240 ,2.40 
전세사기피해자 전용 디딤돌대출 특례구입자금보증(HF),8,20000000 ,40000000 ,0 ,0 ,240 ,360 ,2.45 
전세사기피해자 전용 디딤돌대출 특례구입자금보증(HF),9,40000000 ,70000000 ,0 ,0 ,0 ,120 ,2.45 
전세사기피해자 전용 디딤돌대출 특례구입자금보증(HF),10,40000000 ,70000000 ,0 ,0 ,120 ,180 ,2.55 
전세사기피해자 전용 디딤돌대출 특례구입자금보증(HF),11,40000000 ,70000000 ,0 ,0 ,180 ,240 ,2.65 
전세사기피해자 전용 디딤돌대출 특례구입자금보증(HF),12,40000000 ,70000000 ,0 ,0 ,240 ,360 ,2.70 
신생아 특례 디딤돌 대출,1,0 ,20000000 ,0 ,0 ,0 ,120 ,1.80 
신생아 특례 디딤돌 대출,2,0 ,20000000 ,0 ,0 ,120 ,180 ,1.90 
신생아 특례 디딤돌 대출,3,0 ,20000000 ,0 ,0 ,180 ,240 ,2.00 
신생아 특례 디딤돌 대출,4,0 ,20000000 ,0 ,0 ,240 ,360 ,2.05 
신생아 특례 디딤돌 대출,5,20000000 ,40000000 ,0 ,0 ,0 ,120 ,2.15 
신생아 특례 디딤돌 대출,6,20000000 ,40000000 ,0 ,0 ,120 ,180 ,2.25 
신생아 특례 디딤돌 대출,7,20000000 ,40000000 ,0 ,0 ,180 ,240 ,2.35 
신생아 특례 디딤돌 대출,8,20000000 ,40000000 ,0 ,0 ,240 ,360 ,2.40 
신생아 특례 디딤돌 대출,9,40000000 ,60000000 ,0 ,0 ,0 ,120 ,2.40 
신생아 특례 디딤돌 대출,10,40000000 ,60000000 ,0 ,0 ,120 ,180 ,2.50 
신생아 특례 디딤돌 대출,11,40000000 ,60000000 ,0 ,0 ,180 ,240 ,2.60 
신생아 특례 디딤돌 대출,12,40000000 ,60000000 ,0 ,0 ,240 ,360 ,2.65 
신생아 특례 디딤돌 대출,13,60000000 ,85000000 ,0 ,0 ,0 ,120 ,2.65 
신생아 특례 디딤돌 대출,14,60000000 ,85000000 ,0 ,0 ,120 ,180 ,2.75 
신생아 특례 디딤돌 대출,15,60000000 ,85000000 ,0 ,0 ,180 ,240 ,2.85 
신생아 특례 디딤돌 대출,16,60000000 ,85000000 ,0 ,0 ,240 ,360 ,2.90 
신생아 특례 디딤돌 대출,17,85000000 ,100000000 ,0 ,0 ,0 ,120 ,2.90 
신생아 특례 디딤돌 대출,18,85000000 ,100000000 ,0 ,0 ,120 ,180 ,3.00 
신생아 특례 디딤돌 대출,19,85000000 ,100000000 ,0 ,0 ,180 ,240 ,3.10 
신생아 특례 디딤돌 대출,20,85000000 ,100000000 ,0 ,0 ,240 ,360 ,3.20 
신생아 특례 디딤돌 대출,21,100000000 ,130000000 ,0 ,0 ,0 ,120 ,3.20 
신생아 특례 디딤돌 대출,22,100000000 ,130000000 ,0 ,0 ,120 ,180 ,3.30 
신생아 특례 디딤돌 대출,23,100000000 ,130000000 ,0 ,0 ,180 ,240 ,3.40 
신생아 특례 디딤돌 대출,24,100000000 ,130000000 ,0 ,0 ,240 ,360 ,3.50 
신생아 특례 디딤돌 대출,25,130000000 ,150000000 ,0 ,0 ,0 ,120 ,3.50 
신생아 특례 디딤돌 대출,26,130000000 ,150000000 ,0 ,0 ,120 ,180 ,3.60 
신생아 특례 디딤돌 대출,27,130000000 ,150000000 ,0 ,0 ,180 ,240 ,3.70 
신생아 특례 디딤돌 대출,28,130000000 ,150000000 ,0 ,0 ,240 ,360 ,3.80 
신생아 특례 디딤돌 대출,29,150000000 ,170000000 ,0 ,0 ,0 ,120 ,3.85 
신생아 특례 디딤돌 대출,30,150000000 ,170000000 ,0 ,0 ,120 ,180 ,3.95 
신생아 특례 디딤돌 대출,31,150000000 ,170000000 ,0 ,0 ,180 ,240 ,4.05 
신생아 특례 디딤돌 대출,32,150000000 ,170000000 ,0 ,0 ,240 ,360 ,4.15 
신생아 특례 디딤돌 대출,33,170000000 ,200000000 ,0 ,0 ,0 ,120 ,4.20 
신생아 특례 디딤돌 대출,34,170000000 ,200000000 ,0 ,0 ,120 ,180 ,4.30 
신생아 특례 디딤돌 대출,35,170000000 ,200000000 ,0 ,0 ,180 ,240 ,4.40 
신생아 특례 디딤돌 대출,36,170000000 ,200000000 ,0 ,0 ,240 ,360 ,4.50 
신생아 특례 디딤돌 대출 일반구입자금보증(HF),1,0 ,20000000 ,0 ,0 ,0 ,120 ,1.80 
신생아 특례 디딤돌 대출 일반구입자금보증(HF),2,0 ,20000000 ,0 ,0 ,120 ,180 ,1.90 
신생아 특례 디딤돌 대출 일반구입자금보증(HF),3,0 ,20000000 ,0 ,0 ,180 ,240 ,2.00 
신생아 특례 디딤돌 대출 일반구입자금보증(HF),4,0 ,20000000 ,0 ,0 ,240 ,360 ,2.05 
신생아 특례 디딤돌 대출 일반구입자금보증(HF),5,20000000 ,40000000 ,0 ,0 ,0 ,120 ,2.15 
신생아 특례 디딤돌 대출 일반구입자금보증(HF),6,20000000 ,40000000 ,0 ,0 ,120 ,180 ,2.25 
신생아 특례 디딤돌 대출 일반구입자금보증(HF),7,20000000 ,40000000 ,0 ,0 ,180 ,240 ,2.35 
신생아 특례 디딤돌 대출 일반구입자금보증(HF),8,20000000 ,40000000 ,0 ,0 ,240 ,360 ,2.40 
신생아 특례 디딤돌 대출 일반구입자금보증(HF),9,40000000 ,60000000 ,0 ,0 ,0 ,120 ,2.40 
신생아 특례 디딤돌 대출 일반구입자금보증(HF),10,40000000 ,60000000 ,0 ,0 ,120 ,180 ,2.50 
신생아 특례 디딤돌 대출 일반구입자금보증(HF),11,40000000 ,60000000 ,0 ,0 ,180 ,240 ,2.60 
신생아 특례 디딤돌 대출 일반구입자금보증(HF),12,40000000 ,60000000 ,0 ,0 ,240 ,360 ,2.65 
신생아 특례 디딤돌 대출 일반구입자금보증(HF),13,60000000 ,85000000 ,0 ,0 ,0 ,120 ,2.65 
신생아 특례 디딤돌 대출 일반구입자금보증(HF),14,60000000 ,85000000 ,0 ,0 ,120 ,180 ,2.75 
신생아 특례 디딤돌 대출 일반구입자금보증(HF),15,60000000 ,85000000 ,0 ,0 ,180 ,240 ,2.85 
신생아 특례 디딤돌 대출 일반구입자금보증(HF),16,60000000 ,85000000 ,0 ,0 ,240 ,360 ,2.90 
신생아 특례 디딤돌 대출 일반구입자금보증(HF),17,85000000 ,100000000 ,0 ,0 ,0 ,120 ,2.90 
신생아 특례 디딤돌 대출 일반구입자금보증(HF),18,85000000 ,100000000 ,0 ,0 ,120 ,180 ,3.00 
신생아 특례 디딤돌 대출 일반구입자금보증(HF),19,85000000 ,100000000 ,0 ,0 ,180 ,240 ,3.10 
신생아 특례 디딤돌 대출 일반구입자금보증(HF),20,85000000 ,100000000 ,0 ,0 ,240 ,360 ,3.20 
신생아 특례 디딤돌 대출 일반구입자금보증(HF),21,100000000 ,130000000 ,0 ,0 ,0 ,120 ,3.20 
신생아 특례 디딤돌 대출 일반구입자금보증(HF),22,100000000 ,130000000 ,0 ,0 ,120 ,180 ,3.30 
신생아 특례 디딤돌 대출 일반구입자금보증(HF),23,100000000 ,130000000 ,0 ,0 ,180 ,240 ,3.40 
신생아 특례 디딤돌 대출 일반구입자금보증(HF),24,100000000 ,130000000 ,0 ,0 ,240 ,360 ,3.50 
신생아 특례 디딤돌 대출 일반구입자금보증(HF),25,130000000 ,150000000 ,0 ,0 ,0 ,120 ,3.50 
신생아 특례 디딤돌 대출 일반구입자금보증(HF),26,130000000 ,150000000 ,0 ,0 ,120 ,180 ,3.60 
신생아 특례 디딤돌 대출 일반구입자금보증(HF),27,130000000 ,150000000 ,0 ,0 ,180 ,240 ,3.70 
신생아 특례 디딤돌 대출 일반구입자금보증(HF),28,130000000 ,150000000 ,0 ,0 ,240 ,360 ,3.80 
신생아 특례 디딤돌 대출 일반구입자금보증(HF),29,150000000 ,170000000 ,0 ,0 ,0 ,120 ,3.85 
신생아 특례 디딤돌 대출 일반구입자금보증(HF),30,150000000 ,170000000 ,0 ,0 ,120 ,180 ,3.95 
신생아 특례 디딤돌 대출 일반구입자금보증(HF),31,150000000 ,170000000 ,0 ,0 ,180 ,240 ,4.05 
신생아 특례 디딤돌 대출 일반구입자금보증(HF),32,150000000 ,170000000 ,0 ,0 ,240 ,360 ,4.15 
신생아 특례 디딤돌 대출 일반구입자금보증(HF),33,170000000 ,200000000 ,0 ,0 ,0 ,120 ,4.20 
신생아 특례 디딤돌 대출 일반구입자금보증(HF),34,170000000 ,200000000 ,0 ,0 ,120 ,180 ,4.30 
신생아 특례 디딤돌 대출 일반구입자금보증(HF),35,170000000 ,200000000 ,0 ,0 ,180 ,240 ,4.40 
신생아 특례 디딤돌 대출 일반구입자금보증(HF),36,170000000 ,200000000 ,0 ,0 ,240 ,360 ,4.50 
신생아 특례 디딤돌 대출 생애최초특례구입자금보증(HF),1,0 ,20000000 ,0 ,0 ,0 ,120 ,1.80 
신생아 특례 디딤돌 대출 생애최초특례구입자금보증(HF),2,0 ,20000000 ,0 ,0 ,120 ,180 ,1.90 
신생아 특례 디딤돌 대출 생애최초특례구입자금보증(HF),3,0 ,20000000 ,0 ,0 ,180 ,240 ,2.00 
신생아 특례 디딤돌 대출 생애최초특례구입자금보증(HF),4,0 ,20000000 ,0 ,0 ,240 ,360 ,2.05 
신생아 특례 디딤돌 대출 생애최초특례구입자금보증(HF),5,20000000 ,40000000 ,0 ,0 ,0 ,120 ,2.15 
신생아 특례 디딤돌 대출 생애최초특례구입자금보증(HF),6,20000000 ,40000000 ,0 ,0 ,120 ,180 ,2.25 
신생아 특례 디딤돌 대출 생애최초특례구입자금보증(HF),7,20000000 ,40000000 ,0 ,0 ,180 ,240 ,2.35 
신생아 특례 디딤돌 대출 생애최초특례구입자금보증(HF),8,20000000 ,40000000 ,0 ,0 ,240 ,360 ,2.40 
신생아 특례 디딤돌 대출 생애최초특례구입자금보증(HF),9,40000000 ,60000000 ,0 ,0 ,0 ,120 ,2.40 
신생아 특례 디딤돌 대출 생애최초특례구입자금보증(HF),10,40000000 ,60000000 ,0 ,0 ,120 ,180 ,2.50 
신생아 특례 디딤돌 대출 생애최초특례구입자금보증(HF),11,40000000 ,60000000 ,0 ,0 ,180 ,240 ,2.60 
신생아 특례 디딤돌 대출 생애최초특례구입자금보증(HF),12,40000000 ,60000000 ,0 ,0 ,240 ,360 ,2.65 
신생아 특례 디딤돌 대출 생애최초특례구입자금보증(HF),13,60000000 ,85000000 ,0 ,0 ,0 ,120 ,2.65 
신생아 특례 디딤돌 대출 생애최초특례구입자금보증(HF),14,60000000 ,85000000 ,0 ,0 ,120 ,180 ,2.75 
신생아 특례 디딤돌 대출 생애최초특례구입자금보증(HF),15,60000000 ,85000000 ,0 ,0 ,180 ,240 ,2.85 
신생아 특례 디딤돌 대출 생애최초특례구입자금보증(HF),16,60000000 ,85000000 ,0 ,0 ,240 ,360 ,2.90 
신생아 특례 디딤돌 대출 생애최초특례구입자금보증(HF),17,85000000 ,100000000 ,0 ,0 ,0 ,120 ,2.90 
신생아 특례 디딤돌 대출 생애최초특례구입자금보증(HF),18,85000000 ,100000000 ,0 ,0 ,120 ,180 ,3.00 
신생아 특례 디딤돌 대출 생애최초특례구입자금보증(HF),19,85000000 ,100000000 ,0 ,0 ,180 ,240 ,3.10 
신생아 특례 디딤돌 대출 생애최초특례구입자금보증(HF),20,85000000 ,100000000 ,0 ,0 ,240 ,360 ,3.20 
신생아 특례 디딤돌 대출 생애최초특례구입자금보증(HF),21,100000000 ,130000000 ,0 ,0 ,0 ,120 ,3.20 
신생아 특례 디딤돌 대출 생애최초특례구입자금보증(HF),22,100000000 ,130000000 ,0 ,0 ,120 ,180 ,3.30 
신생아 특례 디딤돌 대출 생애최초특례구입자금보증(HF),23,100000000 ,130000000 ,0 ,0 ,180 ,240 ,3.40 
신생아 특례 디딤돌 대출 생애최초특례구입자금보증(HF),24,100000000 ,130000000 ,0 ,0 ,240 ,360 ,3.50 
신생아 특례 디딤돌 대출 생애최초특례구입자금보증(HF),25,130000000 ,150000000 ,0 ,0 ,0 ,120 ,3.50 
신생아 특례 디딤돌 대출 생애최초특례구입자금보증(HF),26,130000000 ,150000000 ,0 ,0 ,120 ,180 ,3.60 
신생아 특례 디딤돌 대출 생애최초특례구입자금보증(HF),27,130000000 ,150000000 ,0 ,0 ,180 ,240 ,3.70 
신생아 특례 디딤돌 대출 생애최초특례구입자금보증(HF),28,130000000 ,150000000 ,0 ,0 ,240 ,360 ,3.80 
신생아 특례 디딤돌 대출 생애최초특례구입자금보증(HF),29,150000000 ,170000000 ,0 ,0 ,0 ,120 ,3.85 
신생아 특례 디딤돌 대출 생애최초특례구입자금보증(HF),30,150000000 ,170000000 ,0 ,0 ,120 ,180 ,3.95 
신생아 특례 디딤돌 대출 생애최초특례구입자금보증(HF),31,150000000 ,170000000 ,0 ,0 ,180 ,240 ,4.05 
신생아 특례 디딤돌 대출 생애최초특례구입자금보증(HF),32,150000000 ,170000000 ,0 ,0 ,240 ,360 ,4.15 
신생아 특례 디딤돌 대출 생애최초특례구입자금보증(HF),33,170000000 ,200000000 ,0 ,0 ,0 ,120 ,4.20 
신생아 특례 디딤돌 대출 생애최초특례구입자금보증(HF),34,170000000 ,200000000 ,0 ,0 ,120 ,180 ,4.30 
신생아 특례 디딤돌 대출 생애최초특례구입자금보증(HF),35,170000000 ,200000000 ,0 ,0 ,180 ,240 ,4.40 
신생아 특례 디딤돌 대출 생애최초특례구입자금보증(HF),36,170000000 ,200000000 ,0 ,0 ,240 ,360 ,4.50 
청년 주택드림 디딤돌 대출 일반,1,0 ,20000000 ,0 ,0 ,0 ,120 ,2.40 
청년 주택드림 디딤돌 대출 일반,2,0 ,20000000 ,0 ,0 ,120 ,180 ,2.45 
청년 주택드림 디딤돌 대출 일반,3,0 ,20000000 ,0 ,0 ,180 ,240 ,2.55 
청년 주택드림 디딤돌 대출 일반,4,0 ,20000000 ,0 ,0 ,240 ,360 ,2.70 
청년 주택드림 디딤돌 대출 일반,5,20000000 ,40000000 ,0 ,0 ,0 ,120 ,2.80 
청년 주택드림 디딤돌 대출 일반,6,20000000 ,40000000 ,0 ,0 ,120 ,180 ,2.85 
청년 주택드림 디딤돌 대출 일반,7,20000000 ,40000000 ,0 ,0 ,180 ,240 ,2.95 
청년 주택드림 디딤돌 대출 일반,8,20000000 ,40000000 ,0 ,0 ,240 ,360 ,3.10 
청년 주택드림 디딤돌 대출 일반,9,40000000 ,70000000 ,0 ,0 ,0 ,120 ,3.20 
청년 주택드림 디딤돌 대출 일반,10,40000000 ,70000000 ,0 ,0 ,120 ,180 ,3.25 
청년 주택드림 디딤돌 대출 일반,11,40000000 ,70000000 ,0 ,0 ,180 ,240 ,3.35 
청년 주택드림 디딤돌 대출 일반,12,40000000 ,70000000 ,0 ,0 ,240 ,360 ,3.50 
청년 주택드림 디딤돌 대출 일반,13,70000000 ,85000000 ,0 ,0 ,0 ,120 ,3.55 
청년 주택드림 디딤돌 대출 일반,14,70000000 ,85000000 ,0 ,0 ,120 ,180 ,3.60 
청년 주택드림 디딤돌 대출 일반,15,70000000 ,85000000 ,0 ,0 ,180 ,240 ,3.70 
청년 주택드림 디딤돌 대출 일반,16,70000000 ,85000000 ,0 ,0 ,240 ,360 ,3.85 
청년 주택드림 디딤돌 대출 일반,17,85000000 ,100000000 ,0 ,0 ,0 ,120 ,3.90 
청년 주택드림 디딤돌 대출 일반,18,85000000 ,100000000 ,0 ,0 ,120 ,180 ,3.95 
청년 주택드림 디딤돌 대출 일반,19,85000000 ,100000000 ,0 ,0 ,180 ,240 ,4.05 
청년 주택드림 디딤돌 대출 일반,20,85000000 ,100000000 ,0 ,0 ,240 ,360 ,4.15 
청년 주택드림 디딤돌 대출 유한책임,1,0 ,20000000 ,0 ,0 ,0 ,120 ,2.40 
청년 주택드림 디딤돌 대출 유한책임,2,0 ,20000000 ,0 ,0 ,120 ,180 ,2.45 
청년 주택드림 디딤돌 대출 유한책임,3,0 ,20000000 ,0 ,0 ,180 ,240 ,2.55 
청년 주택드림 디딤돌 대출 유한책임,4,0 ,20000000 ,0 ,0 ,240 ,360 ,2.70 
청년 주택드림 디딤돌 대출 유한책임,5,20000000 ,40000000 ,0 ,0 ,0 ,120 ,2.80 
청년 주택드림 디딤돌 대출 유한책임,6,20000000 ,40000000 ,0 ,0 ,120 ,180 ,2.85 
청년 주택드림 디딤돌 대출 유한책임,7,20000000 ,40000000 ,0 ,0 ,180 ,240 ,2.95 
청년 주택드림 디딤돌 대출 유한책임,8,20000000 ,40000000 ,0 ,0 ,240 ,360 ,3.10 
청년 주택드림 디딤돌 대출 유한책임,9,40000000 ,70000000 ,0 ,0 ,0 ,120 ,3.20 
청년 주택드림 디딤돌 대출 유한책임,10,40000000 ,70000000 ,0 ,0 ,120 ,180 ,3.25 
청년 주택드림 디딤돌 대출 유한책임,11,40000000 ,70000000 ,0 ,0 ,180 ,240 ,3.35 
청년 주택드림 디딤돌 대출 유한책임,12,40000000 ,70000000 ,0 ,0 ,240 ,360 ,3.50 
청년 주택드림 디딤돌 대출 유한책임,13,70000000 ,85000000 ,0 ,0 ,0 ,120 ,3.55 
청년 주택드림 디딤돌 대출 유한책임,14,70000000 ,85000000 ,0 ,0 ,120 ,180 ,3.60 
청년 주택드림 디딤돌 대출 유한책임,15,70000000 ,85000000 ,0 ,0 ,180 ,240 ,3.70 
청년 주택드림 디딤돌 대출 유한책임,16,70000000 ,85000000 ,0 ,0 ,240 ,360 ,3.85 
청년 주택드림 디딤돌 대출 유한책임,17,85000000 ,100000000 ,0 ,0 ,0 ,120 ,3.90 
청년 주택드림 디딤돌 대출 유한책임,18,85000000 ,100000000 ,0 ,0 ,120 ,180 ,3.95 
청년 주택드림 디딤돌 대출 유한책임,19,85000000 ,100000000 ,0 ,0 ,180 ,240 ,4.05 
청년 주택드림 디딤돌 대출 유한책임,20,85000000 ,100000000 ,0 ,0 ,240 ,360 ,4.15 
청년 주택드림 디딤돌 대출 일반구입자금보증(HF),1,0 ,20000000 ,0 ,0 ,0 ,120 ,2.40 
청년 주택드림 디딤돌 대출 일반구입자금보증(HF),2,0 ,20000000 ,0 ,0 ,120 ,180 ,2.45 
청년 주택드림 디딤돌 대출 일반구입자금보증(HF),3,0 ,20000000 ,0 ,0 ,180 ,240 ,2.55 
청년 주택드림 디딤돌 대출 일반구입자금보증(HF),4,0 ,20000000 ,0 ,0 ,240 ,360 ,2.70 
청년 주택드림 디딤돌 대출 일반구입자금보증(HF),5,20000000 ,40000000 ,0 ,0 ,0 ,120 ,2.80 
청년 주택드림 디딤돌 대출 일반구입자금보증(HF),6,20000000 ,40000000 ,0 ,0 ,120 ,180 ,2.85 
청년 주택드림 디딤돌 대출 일반구입자금보증(HF),7,20000000 ,40000000 ,0 ,0 ,180 ,240 ,2.95 
청년 주택드림 디딤돌 대출 일반구입자금보증(HF),8,20000000 ,40000000 ,0 ,0 ,240 ,360 ,3.10 
청년 주택드림 디딤돌 대출 일반구입자금보증(HF),9,40000000 ,70000000 ,0 ,0 ,0 ,120 ,3.20 
청년 주택드림 디딤돌 대출 일반구입자금보증(HF),10,40000000 ,70000000 ,0 ,0 ,120 ,180 ,3.25 
청년 주택드림 디딤돌 대출 일반구입자금보증(HF),11,40000000 ,70000000 ,0 ,0 ,180 ,240 ,3.35 
청년 주택드림 디딤돌 대출 일반구입자금보증(HF),12,40000000 ,70000000 ,0 ,0 ,240 ,360 ,3.50 
청년 주택드림 디딤돌 대출 일반구입자금보증(HF),13,70000000 ,85000000 ,0 ,0 ,0 ,120 ,3.55 
청년 주택드림 디딤돌 대출 일반구입자금보증(HF),14,70000000 ,85000000 ,0 ,0 ,120 ,180 ,3.60 
청년 주택드림 디딤돌 대출 일반구입자금보증(HF),15,70000000 ,85000000 ,0 ,0 ,180 ,240 ,3.70 
청년 주택드림 디딤돌 대출 일반구입자금보증(HF),16,70000000 ,85000000 ,0 ,0 ,240 ,360 ,3.85 
청년 주택드림 디딤돌 대출 일반구입자금보증(HF),17,85000000 ,100000000 ,0 ,0 ,0 ,120 ,3.90 
청년 주택드림 디딤돌 대출 일반구입자금보증(HF),18,85000000 ,100000000 ,0 ,0 ,120 ,180 ,3.95 
청년 주택드림 디딤돌 대출 일반구입자금보증(HF),19,85000000 ,100000000 ,0 ,0 ,180 ,240 ,4.05 
청년 주택드림 디딤돌 대출 일반구입자금보증(HF),20,85000000 ,100000000 ,0 ,0 ,240 ,360 ,4.15 
청년 주택드림 디딤돌 대출 생애최초 특례구입자금보증(HF),1,0 ,20000000 ,0 ,0 ,0 ,120 ,2.40 
청년 주택드림 디딤돌 대출 생애최초 특례구입자금보증(HF),2,0 ,20000000 ,0 ,0 ,120 ,180 ,2.45 
청년 주택드림 디딤돌 대출 생애최초 특례구입자금보증(HF),3,0 ,20000000 ,0 ,0 ,180 ,240 ,2.55 
청년 주택드림 디딤돌 대출 생애최초 특례구입자금보증(HF),4,0 ,20000000 ,0 ,0 ,240 ,360 ,2.70 
청년 주택드림 디딤돌 대출 생애최초 특례구입자금보증(HF),5,20000000 ,40000000 ,0 ,0 ,0 ,120 ,2.80 
청년 주택드림 디딤돌 대출 생애최초 특례구입자금보증(HF),6,20000000 ,40000000 ,0 ,0 ,120 ,180 ,2.85 
청년 주택드림 디딤돌 대출 생애최초 특례구입자금보증(HF),7,20000000 ,40000000 ,0 ,0 ,180 ,240 ,2.95 
청년 주택드림 디딤돌 대출 생애최초 특례구입자금보증(HF),8,20000000 ,40000000 ,0 ,0 ,240 ,360 ,3.10 
청년 주택드림 디딤돌 대출 생애최초 특례구입자금보증(HF),9,40000000 ,70000000 ,0 ,0 ,0 ,120 ,3.20 
청년 주택드림 디딤돌 대출 생애최초 특례구입자금보증(HF),10,40000000 ,70000000 ,0 ,0 ,120 ,180 ,3.25 
청년 주택드림 디딤돌 대출 생애최초 특례구입자금보증(HF),11,40000000 ,70000000 ,0 ,0 ,180 ,240 ,3.35 
청년 주택드림 디딤돌 대출 생애최초 특례구입자금보증(HF),12,40000000 ,70000000 ,0 ,0 ,240 ,360 ,3.50 
청년 주택드림 디딤돌 대출 생애최초 특례구입자금보증(HF),13,70000000 ,85000000 ,0 ,0 ,0 ,120 ,3.55 
청년 주택드림 디딤돌 대출 생애최초 특례구입자금보증(HF),14,70000000 ,85000000 ,0 ,0 ,120 ,180 ,3.60 
청년 주택드림 디딤돌 대출 생애최초 특례구입자금보증(HF),15,70000000 ,85000000 ,0 ,0 ,180 ,240 ,3.70 
청년 주택드림 디딤돌 대출 생애최초 특례구입자금보증(HF),16,70000000 ,85000000 ,0 ,0 ,240 ,360 ,3.85 
청년 주택드림 디딤돌 대출 생애최초 특례구입자금보증(HF),17,85000000 ,100000000 ,0 ,0 ,0 ,120 ,3.90 
청년 주택드림 디딤돌 대출 생애최초 특례구입자금보증(HF),18,85000000 ,100000000 ,0 ,0 ,120 ,180 ,3.95 
청년 주택드림 디딤돌 대출 생애최초 특례구입자금보증(HF),19,85000000 ,100000000 ,0 ,0 ,180 ,240 ,4.05 
청년 주택드림 디딤돌 대출 생애최초 특례구입자금보증(HF),20,85000000 ,100000000 ,0 ,0 ,240 ,360 ,4.15 
오피스텔구입자금,1,0 ,0 ,0 ,0 ,0 ,0 ,3.10 
버팀목전세자금,1,0 ,20000000 ,0 ,50000000 ,0 ,0 ,2.50 
버팀목전세자금,2,0 ,20000000 ,50000000 ,100000000 ,0 ,0 ,2.60 
버팀목전세자금,3,0 ,20000000 ,100000000 ,999999999 ,0 ,0 ,2.70 
버팀목전세자금,4,20000000 ,40000000 ,0 ,50000000 ,0 ,0 ,2.70 
버팀목전세자금,5,20000000 ,40000000 ,50000000 ,100000000 ,0 ,0 ,2.80 
버팀목전세자금,6,20000000 ,40000000 ,100000000 ,999999999 ,0 ,0 ,2.90 
버팀목전세자금,7,40000000 ,60000000 ,0 ,50000000 ,0 ,0 ,3.00 
버팀목전세자금,8,40000000 ,60000000 ,50000000 ,100000000 ,0 ,0 ,3.10 
버팀목전세자금,9,40000000 ,60000000 ,100000000 ,999999999 ,0 ,0 ,3.20 
버팀목전세자금,10,60000000 ,75000000 ,0 ,50000000 ,0 ,0 ,3.30 
버팀목전세자금,11,60000000 ,75000000 ,50000000 ,100000000 ,0 ,0 ,3.40 
버팀목전세자금,12,60000000 ,75000000 ,100000000 ,999999999 ,0 ,0 ,3.50 
신혼부부전용 전세자금,1,0 ,20000000 ,0 ,50000000 ,0 ,0 ,1.90 
신혼부부전용 전세자금,2,0 ,20000000 ,50000000 ,100000000 ,0 ,0 ,2.00 
신혼부부전용 전세자금,3,0 ,20000000 ,100000000 ,150000000 ,0 ,0 ,2.10 
신혼부부전용 전세자금,4,0 ,20000000 ,150000000 ,999999999 ,0 ,0 ,2.20 
신혼부부전용 전세자금,5,20000000 ,40000000 ,0 ,50000000 ,0 ,0 ,2.20 
신혼부부전용 전세자금,6,20000000 ,40000000 ,50000000 ,100000000 ,0 ,0 ,2.30 
신혼부부전용 전세자금,7,20000000 ,40000000 ,100000000 ,150000000 ,0 ,0 ,2.40 
신혼부부전용 전세자금,8,20000000 ,40000000 ,150000000 ,999999999 ,0 ,0 ,2.50 
신혼부부전용 전세자금,9,40000000 ,60000000 ,0 ,50000000 ,0 ,0 ,2.60 
신혼부부전용 전세자금,10,40000000 ,60000000 ,50000000 ,100000000 ,0 ,0 ,2.70 
신혼부부전용 전세자금,11,40000000 ,60000000 ,100000000 ,150000000 ,0 ,0 ,2.80 
신혼부부전용 전세자금,12,40000000 ,60000000 ,150000000 ,999999999 ,0 ,0 ,2.90 
신혼부부전용 전세자금,13,60000000 ,75000000 ,0 ,50000000 ,0 ,0 ,3.00 
신혼부부전용 전세자금,14,60000000 ,75000000 ,50000000 ,100000000 ,0 ,0 ,3.10 
신혼부부전용 전세자금,15,60000000 ,75000000 ,100000000 ,150000000 ,0 ,0 ,3.20 
신혼부부전용 전세자금,16,60000000 ,75000000 ,150000000 ,999999999 ,0 ,0 ,3.30 
청년전용 버팀목전세자금,1,0 ,20000000 ,0 ,300000000 ,0 ,0 ,2.20 
청년전용 버팀목전세자금,2,20000000 ,40000000 ,0 ,300000000 ,0 ,0 ,2.50 
청년전용 버팀목전세자금,3,40000000 ,60000000 ,0 ,300000000 ,0 ,0 ,2.90 
청년전용 버팀목전세자금,4,60000000 ,75000000 ,0 ,300000000 ,0 ,0 ,3.30 
청년전용 보증부월세대출,1,0 ,0 ,0 ,0 ,0 ,0 ,1.30 
청년전용 보증부월세대출,2,0 ,0 ,0 ,0 ,0 ,0 ,1.00 
전세피해 임차인 버팀목전세자금,1,0 ,50000000 ,0 ,140000000 ,0 ,0 ,1.20 
전세피해 임차인 버팀목전세자금,2,0 ,50000000 ,140000000 ,170000000 ,0 ,0 ,1.30 
전세피해 임차인 버팀목전세자금,3,0 ,50000000 ,170000000 ,999999999 ,0 ,0 ,1.50 
전세피해 임차인 버팀목전세자금,4,50000000 ,60000000 ,0 ,140000000 ,0 ,0 ,1.50 
전세피해 임차인 버팀목전세자금,5,50000000 ,60000000 ,140000000 ,170000000 ,0 ,0 ,1.60 
전세피해 임차인 버팀목전세자금,6,50000000 ,60000000 ,170000000 ,999999999 ,0 ,0 ,1.80 
전세피해 임차인 버팀목전세자금,7,60000000 ,70000000 ,0 ,140000000 ,0 ,0 ,1.80 
전세피해 임차인 버팀목전세자금,8,60000000 ,70000000 ,140000000 ,170000000 ,0 ,0 ,1.90 
전세피해 임차인 버팀목전세자금,9,60000000 ,70000000 ,170000000 ,999999999 ,0 ,0 ,2.10 
전세피해 임차인 버팀목전세자금,10,70000000 ,100000000 ,0 ,140000000 ,0 ,0 ,2.10 
전세피해 임차인 버팀목전세자금,11,70000000 ,100000000 ,140000000 ,170000000 ,0 ,0 ,2.20 
전세피해 임차인 버팀목전세자금,12,70000000 ,100000000 ,170000000 ,999999999 ,0 ,0 ,2.40 
전세피해 임차인 버팀목전세자금,13,100000000 ,130000000 ,0 ,140000000 ,0 ,0 ,2.40 
전세피해 임차인 버팀목전세자금,14,100000000 ,130000000 ,140000000 ,170000000 ,0 ,0 ,2.50 
전세피해 임차인 버팀목전세자금,15,100000000 ,130000000 ,170000000 ,999999999 ,0 ,0 ,2.70 
전세사기피해자 최우선변제금 버팀목 전세자금 대출,1,0 ,50000000 ,0 ,140000000 ,0 ,0 ,1.20 
전세사기피해자 최우선변제금 버팀목 전세자금 대출,2,0 ,50000000 ,140000000 ,170000000 ,0 ,0 ,1.30 
전세사기피해자 최우선변제금 버팀목 전세자금 대출,3,0 ,50000000 ,170000000 ,999999999 ,0 ,0 ,1.50 
전세사기피해자 최우선변제금 버팀목 전세자금 대출,4,50000000 ,60000000 ,0 ,140000000 ,0 ,0 ,1.50 
전세사기피해자 최우선변제금 버팀목 전세자금 대출,5,50000000 ,60000000 ,140000000 ,170000000 ,0 ,0 ,1.60 
전세사기피해자 최우선변제금 버팀목 전세자금 대출,6,50000000 ,60000000 ,170000000 ,999999999 ,0 ,0 ,1.80 
전세사기피해자 최우선변제금 버팀목 전세자금 대출,7,60000000 ,70000000 ,0 ,140000000 ,0 ,0 ,1.80 
전세사기피해자 최우선변제금 버팀목 전세자금 대출,8,60000000 ,70000000 ,140000000 ,170000000 ,0 ,0 ,1.90 
전세사기피해자 최우선변제금 버팀목 전세자금 대출,9,60000000 ,70000000 ,170000000 ,999999999 ,0 ,0 ,2.10 
전세사기피해자 최우선변제금 버팀목 전세자금 대출,10,70000000 ,100000000 ,0 ,140000000 ,0 ,0 ,2.10 
전세사기피해자 최우선변제금 버팀목 전세자금 대출,11,70000000 ,100000000 ,140000000 ,170000000 ,0 ,0 ,2.30 
전세사기피해자 최우선변제금 버팀목 전세자금 대출,12,70000000 ,100000000 ,170000000 ,999999999 ,0 ,0 ,2.40 
전세사기피해자 최우선변제금 버팀목 전세자금 대출,13,100000000 ,999999999 ,0 ,140000000 ,0 ,0 ,2.40 
전세사기피해자 최우선변제금 버팀목 전세자금 대출,14,100000000 ,999999999 ,140000000 ,170000000 ,0 ,0 ,2.70 
전세사기피해자 최우선변제금 버팀목 전세자금 대출,15,100000000 ,999999999 ,170000000 ,999999999 ,0 ,0 ,3.00 
신생아 특례 버팀목 대출,1,0 ,20000000 ,0 ,50000000 ,0 ,0 ,1.30 
신생아 특례 버팀목 대출,2,0 ,20000000 ,50000000 ,100000000 ,0 ,0 ,1.40 
신생아 특례 버팀목 대출,3,0 ,20000000 ,100000000 ,150000000 ,0 ,0 ,1.50 
신생아 특례 버팀목 대출,4,0 ,20000000 ,150000000 ,999999999 ,0 ,0 ,1.60 
신생아 특례 버팀목 대출,5,20000000 ,40000000 ,0 ,50000000 ,0 ,0 ,1.60 
신생아 특례 버팀목 대출,6,20000000 ,40000000 ,50000000 ,100000000 ,0 ,0 ,1.70 
신생아 특례 버팀목 대출,7,20000000 ,40000000 ,100000000 ,150000000 ,0 ,0 ,1.80 
신생아 특례 버팀목 대출,8,20000000 ,40000000 ,150000000 ,999999999 ,0 ,0 ,1.90 
신생아 특례 버팀목 대출,9,40000000 ,60000000 ,0 ,50000000 ,0 ,0 ,1.90 
신생아 특례 버팀목 대출,10,40000000 ,60000000 ,50000000 ,100000000 ,0 ,0 ,2.00 
신생아 특례 버팀목 대출,11,40000000 ,60000000 ,100000000 ,150000000 ,0 ,0 ,2.10 
신생아 특례 버팀목 대출,12,40000000 ,60000000 ,150000000 ,999999999 ,0 ,0 ,2.20 
신생아 특례 버팀목 대출,13,60000000 ,75000000 ,0 ,50000000 ,0 ,0 ,2.20 
신생아 특례 버팀목 대출,14,60000000 ,75000000 ,50000000 ,100000000 ,0 ,0 ,2.30 
신생아 특례 버팀목 대출,15,60000000 ,75000000 ,100000000 ,150000000 ,0 ,0 ,2.40 
신생아 특례 버팀목 대출,16,60000000 ,75000000 ,150000000 ,999999999 ,0 ,0 ,2.50 
신생아 특례 버팀목 대출,17,75000000 ,100000000 ,0 ,50000000 ,0 ,0 ,2.55 
신생아 특례 버팀목 대출,18,75000000 ,100000000 ,50000000 ,100000000 ,0 ,0 ,2.65 
신생아 특례 버팀목 대출,19,75000000 ,100000000 ,100000000 ,150000000 ,0 ,0 ,2.75 
신생아 특례 버팀목 대출,20,75000000 ,100000000 ,150000000 ,999999999 ,0 ,0 ,2.85 
신생아 특례 버팀목 대출,21,100000000 ,130000000 ,0 ,50000000 ,0 ,0 ,2.90 
신생아 특례 버팀목 대출,22,100000000 ,130000000 ,50000000 ,100000000 ,0 ,0 ,3.00 
신생아 특례 버팀목 대출,23,100000000 ,130000000 ,100000000 ,150000000 ,0 ,0 ,3.10 
신생아 특례 버팀목 대출,24,100000000 ,130000000 ,150000000 ,999999999 ,0 ,0 ,3.20 
신생아 특례 버팀목 대출,25,130000000 ,150000000 ,0 ,50000000 ,0 ,0 ,3.25 
신생아 특례 버팀목 대출,26,130000000 ,150000000 ,50000000 ,100000000 ,0 ,0 ,3.35 
신생아 특례 버팀목 대출,27,130000000 ,150000000 ,100000000 ,150000000 ,0 ,0 ,3.45 
신생아 특례 버팀목 대출,28,130000000 ,150000000 ,150000000 ,999999999 ,0 ,0 ,3.55 
신생아 특례 버팀목 대출,29,150000000 ,170000000 ,0 ,50000000 ,0 ,0 ,3.60 
신생아 특례 버팀목 대출,30,150000000 ,170000000 ,50000000 ,100000000 ,0 ,0 ,3.70 
신생아 특례 버팀목 대출,31,150000000 ,170000000 ,100000000 ,150000000 ,0 ,0 ,3.80 
신생아 특례 버팀목 대출,32,150000000 ,170000000 ,150000000 ,999999999 ,0 ,0 ,3.90 
신생아 특례 버팀목 대출,33,170000000 ,200000000 ,0 ,50000000 ,0 ,0 ,4.00 
신생아 특례 버팀목 대출,34,170000000 ,200000000 ,50000000 ,100000000 ,0 ,0 ,4.10 
신생아 특례 버팀목 대출,35,170000000 ,200000000 ,100000000 ,150000000 ,0 ,0 ,4.20 
신생아 특례 버팀목 대출,36,170000000 ,200000000 ,150000000 ,999999999 ,0 ,0 ,4.30 
