보안등위치명,설치개수,소재지도로명주소,소재지지번주소,위도,경도,설치연도,설치형태,관리기관전화번호,관리기관명,데이터기준일자
송정동001,1,서울특별시 성동구 송정동 18-29,서울특별시 성동구 송정동 9-28,37.544385,127.0644501,2020,한전주,02-2286-5114,서울특별시 성동구청,2025-12-23
송정동002,1,서울특별시 성동구 송정동 125-7,서울특별시 성동구 송정동 139-5,37.544385,127.0646193,2023,건축물,02-2286-5114,서울특별시 성동구청,2025-12-23
송정동003,1,서울특별시 성동구 송정동 63-26,서울특별시 성동구 송정동 122-26,37.5445233,127.0649047,2021,전용주,02-2286-5114,서울특별시 성동구청,2025-12-23
송정동004,1,서울특별시 성동구 송정동 91-14,서울특별시 성동구 송정동 106-15,37.5444041,127.065061,2024,전용주,02-2286-5114,서울특별시 성동구청,2025-12-23
송정동005,1,서울특별시 성동구 송정동 65-29,서울특별시 성동구 송정동 14-3,37.5447287,127.0632308,2023,전용주,02-2286-5114,서울특별시 성동구청,2025-12-23
송정동006,1,서울특별시 성동구 송정동 86-25,서울특별시 성동구 송정동 34-21,37.544695,127.0634649,2020,한전주,02-2286-5114,서울특별시 성동구청,2025-12-23
송정동007,1,서울특별시 성동구 송정동 110-18,서울특별시 성동구 송정동 3-4,37.5446531,127.0637235,2018,건축물,02-2286-5114,서울특별시 성동구청,2025-12-23
송정동008,1,서울특별시 성동구 송정동 140-2,서울특별시 성동구 송정동 95-19,37.5447784,127.0639954,2022,한전주,02-2286-5114,서울특별시 성동구청,2025-12-23
송정동009,1,서울특별시 성동구 송정동 94-29,서울특별시 성동구 송정동 11-29,37.5446509,127.0641374,2020,전용주,02-2286-5114,서울특별시 성동구청,2025-12-23
송정동010,1,서울특별시 성동구 송정동 91-25,서울특별시 성동구 송정동 144-29,37.5446609,127.064389,2024,한전주,02-2286-5114,서울특별시 성동구청,2025-12-23
송정동011,1,서울특별시 성동구 송정동 61-28,서울특별시 성동구 송정동 42-26,37.5446923,127.0646805,2024,한전주,02-2286-5114,서울특별시 성동구청,2025-12-23
송정동012,1,서울특별시 성동구 송정동 86-26,서울특별시 성동구 송정동 106-26,37.5446556,127.0648793,2023,한전주,02-2286-5114,서울특별시 성동구청,2025-12-23
송정동013,1,서울특별시 성동구 송정동 41-26,서울특별시 성동구 송정동 28-13,37.5447655,127.0651752,2024,전용주,02-2286-5114,서울특별시 성동구청,2025-12-23
송정동014,1,서울특별시 성동구 송정동 57-6,서울특별시 성동구 송정동 133-15,37.5450185,127.0624017,2018,전용주,02-2286-5114,서울특별시 성동구청,2025-12-23
송정동015,1,서울특별시 성동구 송정동 117-5,서울특별시 성동구 송정동 119-22,37.5449701,127.062639,2022,한전주,02-2286-5114,서울특별시 성동구청,2025-12-23
송정동016,1,서울특별시 성동구 송정동 130-14,서울특별시 성동구 송정동 141-15,37.5450389,127.0628196,2019,전용주,02-2286-5114,서울특별시 성동구청,2025-12-23
송정동017,1,서울특별시 성동구 송정동 64-27,서울특별시 성동구 송정동 71-25,37.5449999,127.0630324,2024,전용주,02-2286-5114,서울특별시 성동구청,2025-12-23
송정동018,1,서울특별시 성동구 송정동 113-3,서울특별시 성동구 송정동 74-8,37.5449643,127.0632888,2020,전용주,02-2286-5114,서울특별시 성동구청,2025-12-23
송정동019,1,서울특별시 성동구 송정동 36-5,서울특별시 성동구 송정동 60-13,37.5449346,127.0635635,2023,한전주,02-2286-5114,서울특별시 성동구청,2025-12-23
송정동020,1,서울특별시 성동구 송정동 105-11,서울특별시 성동구 송정동 139-15,37.5449053,127.063687,2021,전용주,02-2286-5114,서울특별시 성동구청,2025-12-23
송정동021,1,서울특별시 성동구 송정동 150-23,서울특별시 성동구 송정동 6-28,37.5448908,127.0640181,2024,전용주,02-2286-5114,서울특별시 성동구청,2025-12-23
송정동022,1,서울특별시 성동구 송정동 77-25,서울특별시 성동구 송정동 100-28,37.544973,127.0641933,2024,전용주,02-2286-5114,서울특별시 성동구청,2025-12-23
송정동023,1,서울특별시 성동구 송정동 57-16,서울특별시 성동구 송정동 57-9,37.5449479,127.0644687,2021,건축물,02-2286-5114,서울특별시 성동구청,2025-12-23
송정동024,1,서울특별시 성동구 송정동 104-24,서울특별시 성동구 송정동 43-27,37.5449586,127.0646434,2021,건축물,02-2286-5114,서울특별시 성동구청,2025-12-23
송정동025,1,서울특별시 성동구 송정동 7-30,서울특별시 성동구 송정동 101-19,37.545028,127.0649702,2022,건축물,02-2286-5114,서울특별시 성동구청,2025-12-23
송정동026,1,서울특별시 성동구 송정동 35-28,서울특별시 성동구 송정동 119-6,37.5449869,127.0650589,2018,전용주,02-2286-5114,서울특별시 성동구청,2025-12-23
송정동027,1,서울특별시 성동구 송정동 84-11,서울특별시 성동구 송정동 98-9,37.5449225,127.0653299,2024,전용주,02-2286-5114,서울특별시 성동구청,2025-12-23
송정동028,1,서울특별시 성동구 송정동 126-15,서울특별시 성동구 송정동 5-3,37.5452233,127.0618343,2020,전용주,02-2286-5114,서울특별시 성동구청,2025-12-23
송정동029,1,서울특별시 성동구 송정동 149-12,서울특별시 성동구 송정동 122-18,37.5451699,127.0621386,2022,전용주,02-2286-5114,서울특별시 성동구청,2025-12-23
송정동030,1,서울특별시 성동구 송정동 85-12,서울특별시 성동구 송정동 117-9,37.5451895,127.0624195,2020,건축물,02-2286-5114,서울특별시 성동구청,2025-12-23
송정동031,1,서울특별시 성동구 송정동 81-4,서울특별시 성동구 송정동 138-25,37.5451747,127.0625115,2023,한전주,02-2286-5114,서울특별시 성동구청,2025-12-23
송정동032,1,서울특별시 성동구 송정동 71-24,서울특별시 성동구 송정동 135-20,37.5451641,127.0627589,2020,전용주,02-2286-5114,서울특별시 성동구청,2025-12-23
송정동033,1,서울특별시 성동구 송정동 59-12,서울특별시 성동구 송정동 46-10,37.5452914,127.0630896,2018,전용주,02-2286-5114,서울특별시 성동구청,2025-12-23
송정동034,1,서울특별시 성동구 송정동 14-18,서울특별시 성동구 송정동 75-23,37.5452478,127.0632088,2019,한전주,02-2286-5114,서울특별시 성동구청,2025-12-23
송정동035,1,서울특별시 성동구 송정동 4-19,서울특별시 성동구 송정동 73-16,37.5452366,127.0635411,2021,한전주,02-2286-5114,서울특별시 성동구청,2025-12-23
송정동036,1,서울특별시 성동구 송정동 65-28,서울특별시 성동구 송정동 123-4,37.545205,127.0636823,2024,한전주,02-2286-5114,서울특별시 성동구청,2025-12-23
송정동037,1,서울특별시 성동구 송정동 14-5,서울특별시 성동구 송정동 39-26,37.5451449,127.0639636,2022,건축물,02-2286-5114,서울특별시 성동구청,2025-12-23
송정동038,1,서울특별시 성동구 송정동 31-18,서울특별시 성동구 송정동 107-20,37.5452864,127.0641306,2022,한전주,02-2286-5114,서울특별시 성동구청,2025-12-23
송정동039,1,서울특별시 성동구 송정동 98-15,서울특별시 성동구 송정동 114-10,37.545261,127.0643852,2024,건축물,02-2286-5114,서울특별시 성동구청,2025-12-23
송정동040,1,서울특별시 성동구 송정동 16-20,서울특별시 성동구 송정동 26-25,37.5452287,127.0646498,2019,건축물,02-2286-5114,서울특별시 성동구청,2025-12-23
송정동041,1,서울특별시 성동구 송정동 41-8,서울특별시 성동구 송정동 45-18,37.5452346,127.0648557,2018,한전주,02-2286-5114,서울특별시 성동구청,2025-12-23
송정동042,1,서울특별시 성동구 송정동 121-10,서울특별시 성동구 송정동 9-8,37.5451595,127.0651108,2020,건축물,02-2286-5114,서울특별시 성동구청,2025-12-23
송정동043,1,서울특별시 성동구 송정동 19-22,서울특별시 성동구 송정동 60-30,37.5452476,127.06539,2020,전용주,02-2286-5114,서울특별시 성동구청,2025-12-23
송정동044,1,서울특별시 성동구 송정동 31-21,서울특별시 성동구 송정동 40-16,37.5455469,127.0612456,2023,전용주,02-2286-5114,서울특별시 성동구청,2025-12-23
송정동045,1,서울특별시 성동구 송정동 124-16,서울특별시 성동구 송정동 63-15,37.5454348,127.0614445,2022,전용주,02-2286-5114,서울특별시 성동구청,2025-12-23
송정동046,1,서울특별시 성동구 송정동 131-24,서울특별시 성동구 송정동 35-28,37.5454113,127.0615942,2018,건축물,02-2286-5114,서울특별시 성동구청,2025-12-23
송정동047,1,서울특별시 성동구 송정동 88-30,서울특별시 성동구 송정동 130-9,37.5454323,127.0619222,2024,전용주,02-2286-5114,서울특별시 성동구청,2025-12-23
송정동048,1,서울특별시 성동구 송정동 149-22,서울특별시 성동구 송정동 126-28,37.5453885,127.0621441,2019,건축물,02-2286-5114,서울특별시 성동구청,2025-12-23
송정동049,1,서울특별시 성동구 송정동 142-25,서울특별시 성동구 송정동 140-13,37.5454596,127.0623376,2021,전용주,02-2286-5114,서울특별시 성동구청,2025-12-23
송정동050,1,서울특별시 성동구 송정동 62-19,서울특별시 성동구 송정동 99-8,37.5455374,127.0626313,2024,건축물,02-2286-5114,서울특별시 성동구청,2025-12-23
송정동051,1,서울특별시 성동구 송정동 122-23,서울특별시 성동구 송정동 98-13,37.5455122,127.0627313,2023,건축물,02-2286-5114,서울특별시 성동구청,2025-12-23
송정동052,1,서울특별시 성동구 송정동 127-2,서울특별시 성동구 송정동 33-17,37.5455149,127.0630607,2022,한전주,02-2286-5114,서울특별시 성동구청,2025-12-23
송정동053,1,서울특별시 성동구 송정동 26-17,서울특별시 성동구 송정동 117-1,37.5454412,127.0632046,2023,전용주,02-2286-5114,서울특별시 성동구청,2025-12-23
송정동054,1,서울특별시 성동구 송정동 20-16,서울특별시 성동구 송정동 68-11,37.5454112,127.06356,2022,한전주,02-2286-5114,서울특별시 성동구청,2025-12-23
송정동055,1,서울특별시 성동구 송정동 137-13,서울특별시 성동구 송정동 82-21,37.545499,127.0637567,2023,전용주,02-2286-5114,서울특별시 성동구청,2025-12-23
송정동056,1,서울특별시 성동구 송정동 10-20,서울특별시 성동구 송정동 18-8,37.5455301,127.0639629,2023,건축물,02-2286-5114,서울특별시 성동구청,2025-12-23
송정동057,1,서울특별시 성동구 송정동 24-14,서울특별시 성동구 송정동 26-25,37.5454976,127.064163,2023,한전주,02-2286-5114,서울특별시 성동구청,2025-12-23
송정동058,1,서울특별시 성동구 송정동 77-29,서울특별시 성동구 송정동 8-2,37.5455007,127.0643652,2020,한전주,02-2286-5114,서울특별시 성동구청,2025-12-23
송정동059,1,서울특별시 성동구 송정동 111-5,서울특별시 성동구 송정동 63-17,37.5455155,127.0646282,2021,전용주,02-2286-5114,서울특별시 성동구청,2025-12-23
송정동060,1,서울특별시 성동구 송정동 45-3,서울특별시 성동구 송정동 98-20,37.5454787,127.0649401,2023,한전주,02-2286-5114,서울특별시 성동구청,2025-12-23
송정동061,1,서울특별시 성동구 송정동 60-15,서울특별시 성동구 송정동 66-15,37.5454267,127.0651915,2020,한전주,02-2286-5114,서울특별시 성동구청,2025-12-23
송정동062,1,서울특별시 성동구 송정동 74-22,서울특별시 성동구 송정동 140-6,37.5454948,127.0654214,2018,전용주,02-2286-5114,서울특별시 성동구청,2025-12-23
송정동063,1,서울특별시 성동구 송정동 77-21,서울특별시 성동구 송정동 109-23,37.5454588,127.065565,2020,건축물,02-2286-5114,서울특별시 성동구청,2025-12-23
송정동064,1,서울특별시 성동구 송정동 60-16,서울특별시 성동구 송정동 7-20,37.5457439,127.0599984,2022,건축물,02-2286-5114,서울특별시 성동구청,2025-12-23
송정동065,1,서울특별시 성동구 송정동 17-21,서울특별시 성동구 송정동 119-30,37.5456942,127.0602687,2023,건축물,02-2286-5114,서울특별시 성동구청,2025-12-23
송정동066,1,서울특별시 성동구 송정동 12-2,서울특별시 성동구 송정동 78-16,37.5456901,127.0604685,2018,한전주,02-2286-5114,서울특별시 성동구청,2025-12-23
송정동067,1,서울특별시 성동구 송정동 100-15,서울특별시 성동구 송정동 95-22,37.5456573,127.0607772,2023,한전주,02-2286-5114,서울특별시 성동구청,2025-12-23
송정동068,1,서울특별시 성동구 송정동 40-29,서울특별시 성동구 송정동 107-21,37.5457532,127.0609538,2018,건축물,02-2286-5114,서울특별시 성동구청,2025-12-23
송정동069,1,서울특별시 성동구 송정동 9-23,서울특별시 성동구 송정동 95-7,37.5457751,127.061198,2021,전용주,02-2286-5114,서울특별시 성동구청,2025-12-23
송정동070,1,서울특별시 성동구 송정동 26-22,서울특별시 성동구 송정동 95-18,37.5457129,127.0613694,2023,전용주,02-2286-5114,서울특별시 성동구청,2025-12-23
송정동071,1,서울특별시 성동구 송정동 32-28,서울특별시 성동구 송정동 117-3,37.5456991,127.0616274,2023,한전주,02-2286-5114,서울특별시 성동구청,2025-12-23
송정동072,1,서울특별시 성동구 송정동 13-26,서울특별시 성동구 송정동 86-8,37.5456757,127.0618982,2019,한전주,02-2286-5114,서울특별시 성동구청,2025-12-23
송정동073,1,서울특별시 성동구 송정동 54-19,서울특별시 성동구 송정동 56-27,37.5457677,127.0620608,2024,건축물,02-2286-5114,서울특별시 성동구청,2025-12-23
송정동074,1,서울특별시 성동구 송정동 1-9,서울특별시 성동구 송정동 38-5,37.545679,127.062384,2022,건축물,02-2286-5114,서울특별시 성동구청,2025-12-23
송정동075,1,서울특별시 성동구 송정동 7-5,서울특별시 성동구 송정동 4-12,37.5456818,127.0625201,2024,건축물,02-2286-5114,서울특별시 성동구청,2025-12-23
송정동076,1,서울특별시 성동구 송정동 45-9,서울특별시 성동구 송정동 14-5,37.5457679,127.0628185,2023,한전주,02-2286-5114,서울특별시 성동구청,2025-12-23
송정동077,1,서울특별시 성동구 송정동 122-15,서울특별시 성동구 송정동 93-17,37.5457091,127.0629746,2022,한전주,02-2286-5114,서울특별시 성동구청,2025-12-23
송정동078,1,서울특별시 성동구 송정동 12-24,서울특별시 성동구 송정동 134-10,37.5456592,127.0632691,2021,건축물,02-2286-5114,서울특별시 성동구청,2025-12-23
송정동079,1,서울특별시 성동구 송정동 103-14,서울특별시 성동구 송정동 28-16,37.5457447,127.0634256,2023,전용주,02-2286-5114,서울특별시 성동구청,2025-12-23
송정동080,1,서울특별시 성동구 송정동 83-20,서울특별시 성동구 송정동 38-3,37.5457873,127.0636645,2019,한전주,02-2286-5114,서울특별시 성동구청,2025-12-23
송정동081,1,서울특별시 성동구 송정동 84-13,서울특별시 성동구 송정동 136-10,37.5456857,127.0639862,2021,건축물,02-2286-5114,서울특별시 성동구청,2025-12-23
송정동082,1,서울특별시 성동구 송정동 30-28,서울특별시 성동구 송정동 142-24,37.5457226,127.0641858,2024,건축물,02-2286-5114,서울특별시 성동구청,2025-12-23
송정동083,1,서울특별시 성동구 송정동 106-11,서울특별시 성동구 송정동 117-13,37.5456761,127.0644214,2021,한전주,02-2286-5114,서울특별시 성동구청,2025-12-23
송정동084,1,서울특별시 성동구 송정동 66-12,서울특별시 성동구 송정동 40-22,37.5457585,127.0646312,2021,전용주,02-2286-5114,서울특별시 성동구청,2025-12-23
송정동085,1,서울특별시 성동구 송정동 111-4,서울특별시 성동구 송정동 96-26,37.5456525,127.0649464,2019,한전주,02-2286-5114,서울특별시 성동구청,2025-12-23
송정동086,1,서울특별시 성동구 송정동 144-11,서울특별시 성동구 송정동 32-14,37.5457308,127.0651393,2020,건축물,02-2286-5114,서울특별시 성동구청,2025-12-23
송정동087,1,서울특별시 성동구 송정동 14-10,서울특별시 성동구 송정동 80-12,37.5457815,127.0654281,2018,전용주,02-2286-5114,서울특별시 성동구청,2025-12-23
송정동088,1,서울특별시 성동구 송정동 124-8,서울특별시 성동구 송정동 28-12,37.5457342,127.0655437,2024,건축물,02-2286-5114,서울특별시 성동구청,2025-12-23
송정동089,1,서울특별시 성동구 송정동 147-8,서울특별시 성동구 송정동 110-28,37.5457307,127.0657602,2022,전용주,02-2286-5114,서울특별시 성동구청,2025-12-23
송정동090,1,서울특별시 성동구 송정동 84-6,서울특별시 성동구 송정동 118-27,37.5459622,127.0601895,2023,한전주,02-2286-5114,서울특별시 성동구청,2025-12-23
송정동091,1,서울특별시 성동구 송정동 63-14,서울특별시 성동구 송정동 103-17,37.5460425,127.0604173,2018,한전주,02-2286-5114,서울특별시 성동구청,2025-12-23
송정동092,1,서울특별시 성동구 송정동 57-11,서울특별시 성동구 송정동 44-3,37.5459587,127.0606849,2022,전용주,02-2286-5114,서울특별시 성동구청,2025-12-23
송정동093,1,서울특별시 성동구 송정동 90-12,서울특별시 성동구 송정동 38-8,37.5459967,127.0609523,2018,한전주,02-2286-5114,서울특별시 성동구청,2025-12-23
송정동094,1,서울특별시 성동구 송정동 40-25,서울특별시 성동구 송정동 20-6,37.5459188,127.0611311,2024,건축물,02-2286-5114,서울특별시 성동구청,2025-12-23
송정동095,1,서울특별시 성동구 송정동 149-15,서울특별시 성동구 송정동 145-21,37.5459958,127.0614058,2023,건축물,02-2286-5114,서울특별시 성동구청,2025-12-23
송정동096,1,서울특별시 성동구 송정동 81-5,서울특별시 성동구 송정동 113-3,37.5460532,127.0616154,2021,건축물,02-2286-5114,서울특별시 성동구청,2025-12-23
송정동097,1,서울특별시 성동구 송정동 15-12,서울특별시 성동구 송정동 130-3,37.5459661,127.0618443,2020,전용주,02-2286-5114,서울특별시 성동구청,2025-12-23
송정동098,1,서울특별시 성동구 송정동 74-3,서울특별시 성동구 송정동 24-20,37.5459692,127.062034,2022,전용주,02-2286-5114,서울특별시 성동구청,2025-12-23
송정동099,1,서울특별시 성동구 송정동 11-15,서울특별시 성동구 송정동 147-21,37.5459765,127.0623341,2019,건축물,02-2286-5114,서울특별시 성동구청,2025-12-23
송정동100,1,서울특별시 성동구 송정동 16-15,서울특별시 성동구 송정동 27-26,37.5459468,127.0625683,2024,한전주,02-2286-5114,서울특별시 성동구청,2025-12-23
송정동101,1,서울특별시 성동구 송정동 45-2,서울특별시 성동구 송정동 64-23,37.5459503,127.0628386,2021,건축물,02-2286-5114,서울특별시 성동구청,2025-12-23
송정동102,1,서울특별시 성동구 송정동 41-12,서울특별시 성동구 송정동 96-30,37.5460539,127.0630403,2020,건축물,02-2286-5114,서울특별시 성동구청,2025-12-23
송정동103,1,서울특별시 성동구 송정동 14-26,서울특별시 성동구 송정동 86-3,37.5459574,127.0633124,2020,건축물,02-2286-5114,서울특별시 성동구청,2025-12-23
송정동104,1,서울특별시 성동구 송정동 65-24,서울특별시 성동구 송정동 39-11,37.5459105,127.0635292,2018,전용주,02-2286-5114,서울특별시 성동구청,2025-12-23
송정동105,1,서울특별시 성동구 송정동 80-21,서울특별시 성동구 송정동 101-5,37.5459886,127.0636754,2022,전용주,02-2286-5114,서울특별시 성동구청,2025-12-23
송정동106,1,서울특별시 성동구 송정동 97-21,서울특별시 성동구 송정동 85-27,37.5460088,127.0638984,2019,건축물,02-2286-5114,서울특별시 성동구청,2025-12-23
송정동107,1,서울특별시 성동구 송정동 135-3,서울특별시 성동구 송정동 109-17,37.5460026,127.0642496,2020,건축물,02-2286-5114,서울특별시 성동구청,2025-12-23
송정동108,1,서울특별시 성동구 송정동 88-25,서울특별시 성동구 송정동 125-7,37.5458983,127.0643985,2019,한전주,02-2286-5114,서울특별시 성동구청,2025-12-23
송정동109,1,서울특별시 성동구 송정동 26-17,서울특별시 성동구 송정동 139-27,37.5460554,127.064606,2023,전용주,02-2286-5114,서울특별시 성동구청,2025-12-23
송정동110,1,서울특별시 성동구 송정동 34-20,서울특별시 성동구 송정동 97-5,37.5460368,127.0648194,2019,전용주,02-2286-5114,서울특별시 성동구청,2025-12-23
송정동111,1,서울특별시 성동구 송정동 43-24,서울특별시 성동구 송정동 113-2,37.5459243,127.0651563,2021,건축물,02-2286-5114,서울특별시 성동구청,2025-12-23
송정동112,1,서울특별시 성동구 송정동 73-25,서울특별시 성동구 송정동 115-8,37.5459537,127.0653927,2022,전용주,02-2286-5114,서울특별시 성동구청,2025-12-23
송정동113,1,서울특별시 성동구 송정동 50-12,서울특별시 성동구 송정동 147-15,37.5459336,127.0656642,2021,전용주,02-2286-5114,서울특별시 성동구청,2025-12-23
송정동114,1,서울특별시 성동구 송정동 136-14,서울특별시 성동구 송정동 42-27,37.5460185,127.0658663,2019,건축물,02-2286-5114,서울특별시 성동구청,2025-12-23
송정동115,1,서울특별시 성동구 송정동 14-21,서울특별시 성동구 송정동 124-28,37.5460236,127.065996,2020,전용주,02-2286-5114,서울특별시 성동구청,2025-12-23
송정동116,1,서울특별시 성동구 송정동 62-24,서울특별시 성동구 송정동 27-25,37.5461516,127.0605293,2022,전용주,02-2286-5114,서울특별시 성동구청,2025-12-23
송정동117,1,서울특별시 성동구 송정동 91-18,서울특별시 성동구 송정동 87-27,37.5462666,127.0606885,2023,한전주,02-2286-5114,서울특별시 성동구청,2025-12-23
송정동118,1,서울특별시 성동구 송정동 123-21,서울특별시 성동구 송정동 47-26,37.546177,127.0609921,2019,전용주,02-2286-5114,서울특별시 성동구청,2025-12-23
송정동119,1,서울특별시 성동구 송정동 10-10,서울특별시 성동구 송정동 52-2,37.5461591,127.0612237,2024,전용주,02-2286-5114,서울특별시 성동구청,2025-12-23
송정동120,1,서울특별시 성동구 송정동 132-13,서울특별시 성동구 송정동 140-16,37.5461809,127.0613383,2020,전용주,02-2286-5114,서울특별시 성동구청,2025-12-23
송정동121,1,서울특별시 성동구 송정동 92-28,서울특별시 성동구 송정동 13-28,37.5461549,127.0616672,2023,전용주,02-2286-5114,서울특별시 성동구청,2025-12-23
송정동122,1,서울특별시 성동구 송정동 112-29,서울특별시 성동구 송정동 103-24,37.5462021,127.0618158,2021,전용주,02-2286-5114,서울특별시 성동구청,2025-12-23
송정동123,1,서울특별시 성동구 송정동 128-23,서울특별시 성동구 송정동 128-12,37.5462921,127.0620898,2024,한전주,02-2286-5114,서울특별시 성동구청,2025-12-23
송정동124,1,서울특별시 성동구 송정동 109-3,서울특별시 성동구 송정동 111-20,37.5462321,127.0623883,2024,건축물,02-2286-5114,서울특별시 성동구청,2025-12-23
송정동125,1,서울특별시 성동구 송정동 21-11,서울특별시 성동구 송정동 76-10,37.5461779,127.0625392,2021,한전주,02-2286-5114,서울특별시 성동구청,2025-12-23
송정동126,1,서울특별시 성동구 송정동 114-12,서울특별시 성동구 송정동 115-2,37.5462454,127.0627925,2023,건축물,02-2286-5114,서울특별시 성동구청,2025-12-23
송정동127,1,서울특별시 성동구 송정동 71-21,서울특별시 성동구 송정동 15-3,37.5462882,127.0630128,2023,전용주,02-2286-5114,서울특별시 성동구청,2025-12-23
송정동128,1,서울특별시 성동구 송정동 41-1,서울특별시 성동구 송정동 37-28,37.546251,127.0632467,2022,건축물,02-2286-5114,서울특별시 성동구청,2025-12-23
송정동129,1,서울특별시 성동구 송정동 18-8,서울특별시 성동구 송정동 94-12,37.5462575,127.0634908,2021,한전주,02-2286-5114,서울특별시 성동구청,2025-12-23
송정동130,1,서울특별시 성동구 송정동 116-12,서울특별시 성동구 송정동 96-15,37.5463009,127.0636579,2024,한전주,02-2286-5114,서울특별시 성동구청,2025-12-23
송정동131,1,서울특별시 성동구 송정동 102-11,서울특별시 성동구 송정동 72-8,37.5461613,127.0639069,2018,전용주,02-2286-5114,서울특별시 성동구청,2025-12-23
송정동132,1,서울특별시 성동구 송정동 100-30,서울특별시 성동구 송정동 144-4,37.5461531,127.0641468,2020,건축물,02-2286-5114,서울특별시 성동구청,2025-12-23
송정동133,1,서울특별시 성동구 송정동 74-23,서울특별시 성동구 송정동 126-7,37.546273,127.0644617,2018,한전주,02-2286-5114,서울특별시 성동구청,2025-12-23
송정동134,1,서울특별시 성동구 송정동 114-3,서울특별시 성동구 송정동 82-22,37.5461707,127.0645931,2020,한전주,02-2286-5114,서울특별시 성동구청,2025-12-23
송정동135,1,서울특별시 성동구 송정동 77-28,서울특별시 성동구 송정동 41-23,37.5462625,127.0649013,2023,전용주,02-2286-5114,서울특별시 성동구청,2025-12-23
송정동136,1,서울특별시 성동구 송정동 131-8,서울특별시 성동구 송정동 32-7,37.5462974,127.0651475,2024,전용주,02-2286-5114,서울특별시 성동구청,2025-12-23
송정동137,1,서울특별시 성동구 송정동 93-18,서울특별시 성동구 송정동 147-12,37.5461712,127.065404,2021,한전주,02-2286-5114,서울특별시 성동구청,2025-12-23
송정동138,1,서울특별시 성동구 송정동 23-3,서울특별시 성동구 송정동 80-13,37.5462776,127.0655979,2023,건축물,02-2286-5114,서울특별시 성동구청,2025-12-23
송정동139,1,서울특별시 성동구 송정동 148-3,서울특별시 성동구 송정동 33-11,37.546264,127.0658259,2023,전용주,02-2286-5114,서울특별시 성동구청,2025-12-23
송정동140,1,서울특별시 성동구 송정동 89-5,서울특별시 성동구 송정동 142-21,37.5461609,127.0660484,2022,건축물,02-2286-5114,서울특별시 성동구청,2025-12-23
송정동141,1,서울특별시 성동구 송정동 81-7,서울특별시 성동구 송정동 41-16,37.5464282,127.0604555,2022,건축물,02-2286-5114,서울특별시 성동구청,2025-12-23
송정동142,1,서울특별시 성동구 송정동 6-3,서울특별시 성동구 송정동 101-17,37.5464773,127.0607759,2021,전용주,02-2286-5114,서울특별시 성동구청,2025-12-23
송정동143,1,서울특별시 성동구 송정동 13-2,서울특별시 성동구 송정동 73-16,37.5465573,127.0609018,2022,전용주,02-2286-5114,서울특별시 성동구청,2025-12-23
송정동144,1,서울특별시 성동구 송정동 74-18,서울특별시 성동구 송정동 3-28,37.5465438,127.0612042,2018,전용주,02-2286-5114,서울특별시 성동구청,2025-12-23
송정동145,1,서울특별시 성동구 송정동 94-25,서울특별시 성동구 송정동 104-12,37.5464716,127.0614728,2018,건축물,02-2286-5114,서울특별시 성동구청,2025-12-23
송정동146,1,서울특별시 성동구 송정동 93-18,서울특별시 성동구 송정동 74-3,37.5464667,127.061655,2021,한전주,02-2286-5114,서울특별시 성동구청,2025-12-23
송정동147,1,서울특별시 성동구 송정동 31-5,서울특별시 성동구 송정동 25-13,37.5464833,127.0619182,2020,전용주,02-2286-5114,서울특별시 성동구청,2025-12-23
송정동148,1,서울특별시 성동구 송정동 37-7,서울특별시 성동구 송정동 131-13,37.5465298,127.0620822,2022,전용주,02-2286-5114,서울특별시 성동구청,2025-12-23
송정동149,1,서울특별시 성동구 송정동 86-26,서울특별시 성동구 송정동 122-17,37.5464091,127.0622663,2021,건축물,02-2286-5114,서울특별시 성동구청,2025-12-23
송정동150,1,서울특별시 성동구 송정동 84-30,서울특별시 성동구 송정동 82-6,37.5464265,127.0626351,2021,한전주,02-2286-5114,서울특별시 성동구청,2025-12-23
송정동151,1,서울특별시 성동구 송정동 87-17,서울특별시 성동구 송정동 131-18,37.5465611,127.0628426,2021,전용주,02-2286-5114,서울특별시 성동구청,2025-12-23
송정동152,1,서울특별시 성동구 송정동 95-11,서울특별시 성동구 송정동 29-14,37.546516,127.0630044,2022,한전주,02-2286-5114,서울특별시 성동구청,2025-12-23
송정동153,1,서울특별시 성동구 송정동 7-20,서울특별시 성동구 송정동 122-9,37.5464518,127.0633323,2023,건축물,02-2286-5114,서울특별시 성동구청,2025-12-23
송정동154,1,서울특별시 성동구 송정동 59-24,서울특별시 성동구 송정동 14-19,37.5465279,127.0635448,2021,건축물,02-2286-5114,서울특별시 성동구청,2025-12-23
송정동155,1,서울특별시 성동구 송정동 98-5,서울특별시 성동구 송정동 63-2,37.5464299,127.0637534,2022,건축물,02-2286-5114,서울특별시 성동구청,2025-12-23
송정동156,1,서울특별시 성동구 송정동 113-11,서울특별시 성동구 송정동 108-5,37.5465543,127.0639025,2021,한전주,02-2286-5114,서울특별시 성동구청,2025-12-23
송정동157,1,서울특별시 성동구 송정동 121-28,서울특별시 성동구 송정동 16-23,37.5465131,127.0641826,2019,건축물,02-2286-5114,서울특별시 성동구청,2025-12-23
송정동158,1,서울특별시 성동구 송정동 123-17,서울특별시 성동구 송정동 97-11,37.5464856,127.0644388,2019,건축물,02-2286-5114,서울특별시 성동구청,2025-12-23
송정동159,1,서울특별시 성동구 송정동 91-22,서울특별시 성동구 송정동 68-20,37.5464762,127.0646665,2021,건축물,02-2286-5114,서울특별시 성동구청,2025-12-23
송정동160,1,서울특별시 성동구 송정동 77-8,서울특별시 성동구 송정동 77-25,37.5464334,127.0648528,2020,건축물,02-2286-5114,서울특별시 성동구청,2025-12-23
송정동161,1,서울특별시 성동구 송정동 82-16,서울특별시 성동구 송정동 90-18,37.5465154,127.0651559,2024,전용주,02-2286-5114,서울특별시 성동구청,2025-12-23
송정동162,1,서울특별시 성동구 송정동 140-13,서울특별시 성동구 송정동 102-27,37.5465181,127.0653236,2020,건축물,02-2286-5114,서울특별시 성동구청,2025-12-23
송정동163,1,서울특별시 성동구 송정동 11-10,서울특별시 성동구 송정동 21-12,37.5465554,127.0656384,2021,전용주,02-2286-5114,서울특별시 성동구청,2025-12-23
송정동164,1,서울특별시 성동구 송정동 52-27,서울특별시 성동구 송정동 138-9,37.5465076,127.0658614,2022,한전주,02-2286-5114,서울특별시 성동구청,2025-12-23
송정동165,1,서울특별시 성동구 송정동 62-8,서울특별시 성동구 송정동 13-22,37.546514,127.0659959,2022,건축물,02-2286-5114,서울특별시 성동구청,2025-12-23
송정동166,1,서울특별시 성동구 송정동 106-11,서울특별시 성동구 송정동 121-4,37.5464387,127.0662433,2023,한전주,02-2286-5114,서울특별시 성동구청,2025-12-23
송정동167,1,서울특별시 성동구 송정동 61-2,서울특별시 성동구 송정동 31-15,37.5466581,127.0605077,2020,건축물,02-2286-5114,서울특별시 성동구청,2025-12-23
송정동168,1,서울특별시 성동구 송정동 80-23,서울특별시 성동구 송정동 31-21,37.5466818,127.060745,2020,건축물,02-2286-5114,서울특별시 성동구청,2025-12-23
송정동169,1,서울특별시 성동구 송정동 123-5,서울특별시 성동구 송정동 117-24,37.5467151,127.0609027,2022,한전주,02-2286-5114,서울특별시 성동구청,2025-12-23
송정동170,1,서울특별시 성동구 송정동 138-26,서울특별시 성동구 송정동 56-25,37.546716,127.0612118,2019,전용주,02-2286-5114,서울특별시 성동구청,2025-12-23
송정동171,1,서울특별시 성동구 송정동 135-15,서울특별시 성동구 송정동 136-23,37.5467651,127.0614269,2020,한전주,02-2286-5114,서울특별시 성동구청,2025-12-23
송정동172,1,서울특별시 성동구 송정동 141-29,서울특별시 성동구 송정동 130-7,37.5466687,127.061654,2022,한전주,02-2286-5114,서울특별시 성동구청,2025-12-23
송정동173,1,서울특별시 성동구 송정동 114-4,서울특별시 성동구 송정동 53-23,37.5467421,127.0618222,2022,건축물,02-2286-5114,서울특별시 성동구청,2025-12-23
송정동174,1,서울특별시 성동구 송정동 15-15,서울특별시 성동구 송정동 34-17,37.5467345,127.0621718,2021,전용주,02-2286-5114,서울특별시 성동구청,2025-12-23
송정동175,1,서울특별시 성동구 송정동 79-24,서울특별시 성동구 송정동 6-13,37.5467293,127.0622693,2020,전용주,02-2286-5114,서울특별시 성동구청,2025-12-23
송정동176,1,서울특별시 성동구 송정동 19-2,서울특별시 성동구 송정동 109-12,37.5467869,127.0626115,2023,건축물,02-2286-5114,서울특별시 성동구청,2025-12-23
송정동177,1,서울특별시 성동구 송정동 121-2,서울특별시 성동구 송정동 74-14,37.5466664,127.0628834,2019,한전주,02-2286-5114,서울특별시 성동구청,2025-12-23
송정동178,1,서울특별시 성동구 송정동 108-12,서울특별시 성동구 송정동 98-15,37.5467793,127.0630789,2024,건축물,02-2286-5114,서울특별시 성동구청,2025-12-23
송정동179,1,서울특별시 성동구 송정동 139-5,서울특별시 성동구 송정동 90-4,37.546803,127.0632489,2019,한전주,02-2286-5114,서울특별시 성동구청,2025-12-23
송정동180,1,서울특별시 성동구 송정동 58-27,서울특별시 성동구 송정동 1-25,37.5468151,127.0634835,2018,한전주,02-2286-5114,서울특별시 성동구청,2025-12-23
송정동181,1,서울특별시 성동구 송정동 140-14,서울특별시 성동구 송정동 137-13,37.5468128,127.0637268,2024,건축물,02-2286-5114,서울특별시 성동구청,2025-12-23
송정동182,1,서울특별시 성동구 송정동 71-7,서울특별시 성동구 송정동 29-2,37.546693,127.0639586,2024,한전주,02-2286-5114,서울특별시 성동구청,2025-12-23
송정동183,1,서울특별시 성동구 송정동 62-7,서울특별시 성동구 송정동 18-4,37.5467619,127.0642154,2022,한전주,02-2286-5114,서울특별시 성동구청,2025-12-23
송정동184,1,서울특별시 성동구 송정동 13-8,서울특별시 성동구 송정동 12-13,37.5466616,127.0644447,2021,건축물,02-2286-5114,서울특별시 성동구청,2025-12-23
송정동185,1,서울특별시 성동구 송정동 36-17,서울특별시 성동구 송정동 75-8,37.5466937,127.064616,2024,한전주,02-2286-5114,서울특별시 성동구청,2025-12-23
송정동186,1,서울특별시 성동구 송정동 83-8,서울특별시 성동구 송정동 78-29,37.5468029,127.0649055,2019,건축물,02-2286-5114,서울특별시 성동구청,2025-12-23
송정동187,1,서울특별시 성동구 송정동 77-9,서울특별시 성동구 송정동 16-18,37.546814,127.0651288,2022,전용주,02-2286-5114,서울특별시 성동구청,2025-12-23
송정동188,1,서울특별시 성동구 송정동 110-18,서울특별시 성동구 송정동 127-2,37.546797,127.0654234,2020,건축물,02-2286-5114,서울특별시 성동구청,2025-12-23
송정동189,1,서울특별시 성동구 송정동 82-23,서울특별시 성동구 송정동 107-14,37.5468069,127.0656171,2019,건축물,02-2286-5114,서울특별시 성동구청,2025-12-23
송정동190,1,서울특별시 성동구 송정동 122-8,서울특별시 성동구 송정동 58-10,37.5467042,127.0657712,2024,건축물,02-2286-5114,서울특별시 성동구청,2025-12-23
송정동191,1,서울특별시 성동구 송정동 144-14,서울특별시 성동구 송정동 107-18,37.5467695,127.0661028,2022,한전주,02-2286-5114,서울특별시 성동구청,2025-12-23
송정동192,1,서울특별시 성동구 송정동 85-21,서울특별시 성동구 송정동 21-30,37.5466777,127.0662449,2021,한전주,02-2286-5114,서울특별시 성동구청,2025-12-23
송정동193,1,서울특별시 성동구 송정동 13-25,서울특별시 성동구 송정동 2-14,37.5470453,127.0607865,2019,건축물,02-2286-5114,서울특별시 성동구청,2025-12-23
송정동194,1,서울특별시 성동구 송정동 39-1,서울특별시 성동구 송정동 56-17,37.5470447,127.0609044,2021,건축물,02-2286-5114,서울특별시 성동구청,2025-12-23
송정동195,1,서울특별시 성동구 송정동 124-22,서울특별시 성동구 송정동 125-1,37.5469696,127.0611984,2018,건축물,02-2286-5114,서울특별시 성동구청,2025-12-23
송정동196,1,서울특별시 성동구 송정동 136-24,서울특별시 성동구 송정동 71-18,37.546995,127.0613974,2020,한전주,02-2286-5114,서울특별시 성동구청,2025-12-23
송정동197,1,서울특별시 성동구 송정동 111-26,서울특별시 성동구 송정동 46-4,37.5469126,127.0616938,2018,건축물,02-2286-5114,서울특별시 성동구청,2025-12-23
송정동198,1,서울특별시 성동구 송정동 135-9,서울특별시 성동구 송정동 91-9,37.5469938,127.0618344,2024,건축물,02-2286-5114,서울특별시 성동구청,2025-12-23
송정동199,1,서울특별시 성동구 송정동 118-19,서울특별시 성동구 송정동 63-23,37.5469734,127.0620876,2019,전용주,02-2286-5114,서울특별시 성동구청,2025-12-23
송정동200,1,서울특별시 성동구 송정동 9-3,서울특별시 성동구 송정동 104-13,37.5469579,127.0623926,2021,한전주,02-2286-5114,서울특별시 성동구청,2025-12-23
송정동201,1,서울특별시 성동구 송정동 44-3,서울특별시 성동구 송정동 128-28,37.5469983,127.0625012,2021,한전주,02-2286-5114,서울특별시 성동구청,2025-12-23
송정동202,1,서울특별시 성동구 송정동 136-30,서울특별시 성동구 송정동 11-8,37.5470131,127.0627773,2019,한전주,02-2286-5114,서울특별시 성동구청,2025-12-23
송정동203,1,서울특별시 성동구 송정동 122-9,서울특별시 성동구 송정동 12-30,37.5470541,127.0630672,2018,건축물,02-2286-5114,서울특별시 성동구청,2025-12-23
송정동204,1,서울특별시 성동구 송정동 145-22,서울특별시 성동구 송정동 9-6,37.5470194,127.0632334,2024,건축물,02-2286-5114,서울특별시 성동구청,2025-12-23
송정동205,1,서울특별시 성동구 송정동 37-25,서울특별시 성동구 송정동 102-30,37.5469602,127.0635745,2018,건축물,02-2286-5114,서울특별시 성동구청,2025-12-23
송정동206,1,서울특별시 성동구 송정동 100-22,서울특별시 성동구 송정동 139-11,37.5469578,127.063743,2021,건축물,02-2286-5114,서울특별시 성동구청,2025-12-23
송정동207,1,서울특별시 성동구 송정동 21-17,서울특별시 성동구 송정동 89-2,37.5470308,127.0639073,2018,건축물,02-2286-5114,서울특별시 성동구청,2025-12-23
송정동208,1,서울특별시 성동구 송정동 102-25,서울특별시 성동구 송정동 84-1,37.5469798,127.0642512,2023,전용주,02-2286-5114,서울특별시 성동구청,2025-12-23
송정동209,1,서울특별시 성동구 송정동 59-12,서울특별시 성동구 송정동 142-13,37.5469536,127.0645079,2021,전용주,02-2286-5114,서울특별시 성동구청,2025-12-23
송정동210,1,서울특별시 성동구 송정동 22-25,서울특별시 성동구 송정동 76-26,37.5469396,127.064675,2019,전용주,02-2286-5114,서울특별시 성동구청,2025-12-23
송정동211,1,서울특별시 성동구 송정동 98-23,서울특별시 성동구 송정동 40-24,37.547024,127.0648265,2021,한전주,02-2286-5114,서울특별시 성동구청,2025-12-23
송정동212,1,서울특별시 성동구 송정동 79-15,서울특별시 성동구 송정동 93-25,37.5469605,127.0650625,2020,한전주,02-2286-5114,서울특별시 성동구청,2025-12-23
송정동213,1,서울특별시 성동구 송정동 115-18,서울특별시 성동구 송정동 143-17,37.5469262,127.0652915,2021,전용주,02-2286-5114,서울특별시 성동구청,2025-12-23
송정동214,1,서울특별시 성동구 송정동 24-20,서울특별시 성동구 송정동 84-28,37.5469264,127.065524,2021,건축물,02-2286-5114,서울특별시 성동구청,2025-12-23
송정동215,1,서울특별시 성동구 송정동 144-29,서울특별시 성동구 송정동 63-19,37.5469118,127.065808,2022,한전주,02-2286-5114,서울특별시 성동구청,2025-12-23
송정동216,1,서울특별시 성동구 송정동 69-10,서울특별시 성동구 송정동 69-16,37.546937,127.0660348,2019,한전주,02-2286-5114,서울특별시 성동구청,2025-12-23
송정동217,1,서울특별시 성동구 송정동 77-16,서울특별시 성동구 송정동 20-12,37.54692,127.0662756,2020,전용주,02-2286-5114,서울특별시 성동구청,2025-12-23
송정동218,1,서울특별시 성동구 송정동 51-15,서울특별시 성동구 송정동 28-5,37.5470609,127.0665535,2020,전용주,02-2286-5114,서울특별시 성동구청,2025-12-23
송정동219,1,서울특별시 성동구 송정동 3-4,서울특별시 성동구 송정동 67-8,37.5472166,127.0607627,2022,한전주,02-2286-5114,서울특별시 성동구청,2025-12-23
송정동220,1,서울특별시 성동구 송정동 148-8,서울특별시 성동구 송정동 115-12,37.547283,127.0609567,2021,건축물,02-2286-5114,서울특별시 성동구청,2025-12-23
송정동221,1,서울특별시 성동구 송정동 129-5,서울특별시 성동구 송정동 89-1,37.5472376,127.0612082,2021,건축물,02-2286-5114,서울특별시 성동구청,2025-12-23
송정동222,1,서울특별시 성동구 송정동 30-27,서울특별시 성동구 송정동 37-12,37.5471802,127.0613982,2020,한전주,02-2286-5114,서울특별시 성동구청,2025-12-23
송정동223,1,서울특별시 성동구 송정동 124-12,서울특별시 성동구 송정동 122-4,37.5472184,127.0616892,2021,건축물,02-2286-5114,서울특별시 성동구청,2025-12-23
송정동224,1,서울특별시 성동구 송정동 77-2,서울특별시 성동구 송정동 30-1,37.547279,127.0618682,2024,한전주,02-2286-5114,서울특별시 성동구청,2025-12-23
송정동225,1,서울특별시 성동구 송정동 63-17,서울특별시 성동구 송정동 45-18,37.5472184,127.0620455,2019,한전주,02-2286-5114,서울특별시 성동구청,2025-12-23
송정동226,1,서울특별시 성동구 송정동 60-26,서울특별시 성동구 송정동 104-21,37.5472165,127.0623283,2019,전용주,02-2286-5114,서울특별시 성동구청,2025-12-23
송정동227,1,서울특별시 성동구 송정동 8-24,서울특별시 성동구 송정동 51-15,37.5471933,127.0625974,2022,전용주,02-2286-5114,서울특별시 성동구청,2025-12-23
송정동228,1,서울특별시 성동구 송정동 53-9,서울특별시 성동구 송정동 17-19,37.5472322,127.062725,2018,한전주,02-2286-5114,서울특별시 성동구청,2025-12-23
송정동229,1,서울특별시 성동구 송정동 84-7,서울특별시 성동구 송정동 118-4,37.5472914,127.0630423,2020,전용주,02-2286-5114,서울특별시 성동구청,2025-12-23
송정동230,1,서울특별시 성동구 송정동 81-20,서울특별시 성동구 송정동 100-20,37.5472708,127.0632668,2021,건축물,02-2286-5114,서울특별시 성동구청,2025-12-23
송정동231,1,서울특별시 성동구 송정동 45-27,서울특별시 성동구 송정동 77-30,37.5472574,127.0634763,2022,전용주,02-2286-5114,서울특별시 성동구청,2025-12-23
송정동232,1,서울특별시 성동구 송정동 31-8,서울특별시 성동구 송정동 79-4,37.5472579,127.0637603,2019,전용주,02-2286-5114,서울특별시 성동구청,2025-12-23
송정동233,1,서울특별시 성동구 송정동 108-20,서울특별시 성동구 송정동 36-19,37.5472232,127.0639075,2021,전용주,02-2286-5114,서울특별시 성동구청,2025-12-23
송정동234,1,서울특별시 성동구 송정동 45-18,서울특별시 성동구 송정동 43-16,37.5472312,127.0641949,2020,건축물,02-2286-5114,서울특별시 성동구청,2025-12-23
송정동235,1,서울특별시 성동구 송정동 14-28,서울특별시 성동구 송정동 92-1,37.5471859,127.0643994,2021,전용주,02-2286-5114,서울특별시 성동구청,2025-12-23
송정동236,1,서울특별시 성동구 송정동 130-21,서울특별시 성동구 송정동 127-14,37.5471853,127.0647117,2023,건축물,02-2286-5114,서울특별시 성동구청,2025-12-23
송정동237,1,서울특별시 성동구 송정동 126-6,서울특별시 성동구 송정동 22-19,37.5472422,127.064927,2018,전용주,02-2286-5114,서울특별시 성동구청,2025-12-23
송정동238,1,서울특별시 성동구 송정동 71-8,서울특별시 성동구 송정동 138-10,37.5472908,127.0650807,2019,한전주,02-2286-5114,서울특별시 성동구청,2025-12-23
송정동239,1,서울특별시 성동구 송정동 141-17,서울특별시 성동구 송정동 29-19,37.5472884,127.0653681,2018,전용주,02-2286-5114,서울특별시 성동구청,2025-12-23
송정동240,1,서울특별시 성동구 송정동 139-27,서울특별시 성동구 송정동 11-25,37.5472064,127.0655966,2023,전용주,02-2286-5114,서울특별시 성동구청,2025-12-23
송정동241,1,서울특별시 성동구 송정동 27-24,서울특별시 성동구 송정동 64-10,37.5472341,127.0657768,2024,전용주,02-2286-5114,서울특별시 성동구청,2025-12-23
송정동242,1,서울특별시 성동구 송정동 23-15,서울특별시 성동구 송정동 31-25,37.5473234,127.0660459,2024,전용주,02-2286-5114,서울특별시 성동구청,2025-12-23
송정동243,1,서울특별시 성동구 송정동 90-28,서울특별시 성동구 송정동 110-6,37.5472014,127.0663357,2022,건축물,02-2286-5114,서울특별시 성동구청,2025-12-23
송정동244,1,서울특별시 성동구 송정동 16-19,서울특별시 성동구 송정동 90-18,37.5471858,127.0664712,2020,한전주,02-2286-5114,서울특별시 성동구청,2025-12-23
송정동245,1,서울특별시 성동구 송정동 75-10,서울특별시 성동구 송정동 147-9,37.547259,127.0666972,2024,건축물,02-2286-5114,서울특별시 성동구청,2025-12-23
송정동246,1,서울특별시 성동구 송정동 43-2,서울특별시 성동구 송정동 102-21,37.5474748,127.0606485,2020,건축물,02-2286-5114,서울특별시 성동구청,2025-12-23
송정동247,1,서울특별시 성동구 송정동 24-23,서울특별시 성동구 송정동 25-1,37.5475333,127.0609882,2019,전용주,02-2286-5114,서울특별시 성동구청,2025-12-23
송정동248,1,서울특별시 성동구 송정동 133-22,서울특별시 성동구 송정동 114-1,37.5474934,127.0611207,2018,한전주,02-2286-5114,서울특별시 성동구청,2025-12-23
송정동249,1,서울특별시 성동구 송정동 34-16,서울특별시 성동구 송정동 19-8,37.5475284,127.0614624,2021,전용주,02-2286-5114,서울특별시 성동구청,2025-12-23
송정동250,1,서울특별시 성동구 송정동 81-12,서울특별시 성동구 송정동 77-5,37.5474314,127.0616927,2021,한전주,02-2286-5114,서울특별시 성동구청,2025-12-23
송정동251,1,서울특별시 성동구 송정동 37-3,서울특별시 성동구 송정동 136-19,37.5475409,127.0619164,2018,한전주,02-2286-5114,서울특별시 성동구청,2025-12-23
송정동252,1,서울특별시 성동구 송정동 55-21,서울특별시 성동구 송정동 39-30,37.5475148,127.0620542,2021,전용주,02-2286-5114,서울특별시 성동구청,2025-12-23
송정동253,1,서울특별시 성동구 송정동 23-29,서울특별시 성동구 송정동 26-5,37.5475157,127.0623309,2024,한전주,02-2286-5114,서울특별시 성동구청,2025-12-23
송정동254,1,서울특별시 성동구 송정동 110-11,서울특별시 성동구 송정동 36-8,37.5474368,127.062609,2020,전용주,02-2286-5114,서울특별시 성동구청,2025-12-23
송정동255,1,서울특별시 성동구 송정동 73-25,서울특별시 성동구 송정동 7-28,37.5475203,127.062764,2024,건축물,02-2286-5114,서울특별시 성동구청,2025-12-23
송정동256,1,서울특별시 성동구 송정동 131-7,서울특별시 성동구 송정동 101-10,37.5475225,127.0630047,2023,건축물,02-2286-5114,서울특별시 성동구청,2025-12-23
송정동257,1,서울특별시 성동구 송정동 127-13,서울특별시 성동구 송정동 29-8,37.5474259,127.0633322,2021,한전주,02-2286-5114,서울특별시 성동구청,2025-12-23
송정동258,1,서울특별시 성동구 송정동 93-30,서울특별시 성동구 송정동 82-5,37.5475192,127.063432,2021,한전주,02-2286-5114,서울특별시 성동구청,2025-12-23
송정동259,1,서울특별시 성동구 송정동 140-22,서울특별시 성동구 송정동 45-25,37.5475549,127.0637437,2021,전용주,02-2286-5114,서울특별시 성동구청,2025-12-23
송정동260,1,서울특별시 성동구 송정동 18-1,서울특별시 성동구 송정동 68-7,37.5475698,127.0640081,2018,한전주,02-2286-5114,서울특별시 성동구청,2025-12-23
송정동261,1,서울특별시 성동구 송정동 130-10,서울특별시 성동구 송정동 129-25,37.5475647,127.0642688,2021,전용주,02-2286-5114,서울특별시 성동구청,2025-12-23
송정동262,1,서울특별시 성동구 송정동 138-18,서울특별시 성동구 송정동 40-9,37.5474849,127.0644135,2018,건축물,02-2286-5114,서울특별시 성동구청,2025-12-23
송정동263,1,서울특별시 성동구 송정동 40-18,서울특별시 성동구 송정동 84-13,37.5474667,127.064663,2022,한전주,02-2286-5114,서울특별시 성동구청,2025-12-23
송정동264,1,서울특별시 성동구 송정동 17-10,서울특별시 성동구 송정동 112-24,37.5475186,127.0649469,2024,건축물,02-2286-5114,서울특별시 성동구청,2025-12-23
송정동265,1,서울특별시 성동구 송정동 30-15,서울특별시 성동구 송정동 15-10,37.5474553,127.0650846,2023,전용주,02-2286-5114,서울특별시 성동구청,2025-12-23
송정동266,1,서울특별시 성동구 송정동 4-23,서울특별시 성동구 송정동 36-23,37.5475358,127.0653961,2018,한전주,02-2286-5114,서울특별시 성동구청,2025-12-23
송정동267,1,서울특별시 성동구 송정동 133-26,서울특별시 성동구 송정동 67-6,37.5474433,127.0656622,2020,건축물,02-2286-5114,서울특별시 성동구청,2025-12-23
송정동268,1,서울특별시 성동구 송정동 31-25,서울특별시 성동구 송정동 8-11,37.5474374,127.0658668,2024,전용주,02-2286-5114,서울특별시 성동구청,2025-12-23
송정동269,1,서울특별시 성동구 송정동 148-21,서울특별시 성동구 송정동 20-16,37.5474858,127.0660577,2021,전용주,02-2286-5114,서울특별시 성동구청,2025-12-23
송정동270,1,서울특별시 성동구 송정동 43-12,서울특별시 성동구 송정동 41-9,37.5474988,127.0662149,2024,건축물,02-2286-5114,서울특별시 성동구청,2025-12-23
송정동271,1,서울특별시 성동구 송정동 30-8,서울특별시 성동구 송정동 131-1,37.5474336,127.06653,2018,건축물,02-2286-5114,서울특별시 성동구청,2025-12-23
송정동272,1,서울특별시 성동구 송정동 121-12,서울특별시 성동구 송정동 99-30,37.5475545,127.0666722,2019,한전주,02-2286-5114,서울특별시 성동구청,2025-12-23
송정동273,1,서울특별시 성동구 송정동 20-19,서울특별시 성동구 송정동 146-2,37.5477516,127.0605051,2021,전용주,02-2286-5114,서울특별시 성동구청,2025-12-23
송정동274,1,서울특별시 성동구 송정동 67-28,서울특별시 성동구 송정동 81-30,37.5477767,127.0606562,2024,전용주,02-2286-5114,서울특별시 성동구청,2025-12-23
송정동275,1,서울특별시 성동구 송정동 82-15,서울특별시 성동구 송정동 70-8,37.5477336,127.0610005,2018,전용주,02-2286-5114,서울특별시 성동구청,2025-12-23
송정동276,1,서울특별시 성동구 송정동 28-5,서울특별시 성동구 송정동 28-6,37.5478217,127.0611213,2021,건축물,02-2286-5114,서울특별시 성동구청,2025-12-23
송정동277,1,서울특별시 성동구 송정동 92-25,서울특별시 성동구 송정동 54-15,37.5477453,127.0613967,2020,건축물,02-2286-5114,서울특별시 성동구청,2025-12-23
송정동278,1,서울특별시 성동구 송정동 41-26,서울특별시 성동구 송정동 78-27,37.5477449,127.0617001,2023,한전주,02-2286-5114,서울특별시 성동구청,2025-12-23
송정동279,1,서울특별시 성동구 송정동 38-3,서울특별시 성동구 송정동 64-12,37.5477823,127.0618023,2021,전용주,02-2286-5114,서울특별시 성동구청,2025-12-23
송정동280,1,서울특별시 성동구 송정동 45-1,서울특별시 성동구 송정동 104-28,37.5477529,127.0621363,2021,전용주,02-2286-5114,서울특별시 성동구청,2025-12-23
송정동281,1,서울특별시 성동구 송정동 119-4,서울특별시 성동구 송정동 36-4,37.5477597,127.0623481,2018,한전주,02-2286-5114,서울특별시 성동구청,2025-12-23
송정동282,1,서울특별시 성동구 송정동 34-7,서울특별시 성동구 송정동 103-12,37.5476806,127.0626171,2023,한전주,02-2286-5114,서울특별시 성동구청,2025-12-23
송정동283,1,서울특별시 성동구 송정동 67-30,서울특별시 성동구 송정동 20-1,37.5477716,127.0628275,2018,건축물,02-2286-5114,서울특별시 성동구청,2025-12-23
송정동284,1,서울특별시 성동구 송정동 24-29,서울특별시 성동구 송정동 85-4,37.5477024,127.0630598,2018,한전주,02-2286-5114,서울특별시 성동구청,2025-12-23
송정동285,1,서울특별시 성동구 송정동 111-27,서울특별시 성동구 송정동 102-16,37.5478215,127.0631966,2018,건축물,02-2286-5114,서울특별시 성동구청,2025-12-23
송정동286,1,서울특별시 성동구 송정동 55-30,서울특별시 성동구 송정동 48-9,37.547732,127.0634889,2020,전용주,02-2286-5114,서울특별시 성동구청,2025-12-23
송정동287,1,서울특별시 성동구 송정동 63-21,서울특별시 성동구 송정동 76-16,37.5477421,127.0636765,2021,건축물,02-2286-5114,서울특별시 성동구청,2025-12-23
송정동288,1,서울특별시 성동구 송정동 72-13,서울특별시 성동구 송정동 36-14,37.547812,127.0639615,2019,한전주,02-2286-5114,서울특별시 성동구청,2025-12-23
송정동289,1,서울특별시 성동구 송정동 140-26,서울특별시 성동구 송정동 5-13,37.5477736,127.0642445,2024,한전주,02-2286-5114,서울특별시 성동구청,2025-12-23
송정동290,1,서울특별시 성동구 송정동 89-30,서울특별시 성동구 송정동 145-17,37.5477849,127.0644259,2020,전용주,02-2286-5114,서울특별시 성동구청,2025-12-23
송정동291,1,서울특별시 성동구 송정동 57-1,서울특별시 성동구 송정동 72-2,37.5477329,127.06461,2024,전용주,02-2286-5114,서울특별시 성동구청,2025-12-23
송정동292,1,서울특별시 성동구 송정동 60-6,서울특별시 성동구 송정동 26-8,37.5478294,127.064898,2023,건축물,02-2286-5114,서울특별시 성동구청,2025-12-23
송정동293,1,서울특별시 성동구 송정동 15-25,서울특별시 성동구 송정동 57-19,37.5477093,127.0651308,2024,건축물,02-2286-5114,서울특별시 성동구청,2025-12-23
송정동294,1,서울특별시 성동구 송정동 46-8,서울특별시 성동구 송정동 82-26,37.547828,127.0653397,2023,한전주,02-2286-5114,서울특별시 성동구청,2025-12-23
송정동295,1,서울특별시 성동구 송정동 91-19,서울특별시 성동구 송정동 145-5,37.5477824,127.0656559,2022,한전주,02-2286-5114,서울특별시 성동구청,2025-12-23
송정동296,1,서울특별시 성동구 송정동 139-10,서울특별시 성동구 송정동 45-16,37.5478225,127.0658757,2018,전용주,02-2286-5114,서울특별시 성동구청,2025-12-23
송정동297,1,서울특별시 성동구 송정동 6-17,서울특별시 성동구 송정동 123-1,37.5476852,127.0660111,2020,한전주,02-2286-5114,서울특별시 성동구청,2025-12-23
송정동298,1,서울특별시 성동구 송정동 88-23,서울특별시 성동구 송정동 46-30,37.5478176,127.0662383,2024,한전주,02-2286-5114,서울특별시 성동구청,2025-12-23
송정동299,1,서울특별시 성동구 송정동 38-19,서울특별시 성동구 송정동 37-25,37.5478058,127.0664899,2018,한전주,02-2286-5114,서울특별시 성동구청,2025-12-23
송정동300,1,서울특별시 성동구 송정동 96-23,서울특별시 성동구 송정동 102-19,37.5478062,127.066808,2018,한전주,02-2286-5114,서울특별시 성동구청,2025-12-23
송정동301,1,서울특별시 성동구 송정동 82-9,서울특별시 성동구 송정동 27-3,37.5480522,127.0601764,2020,한전주,02-2286-5114,서울특별시 성동구청,2025-12-23
송정동302,1,서울특별시 성동구 송정동 20-18,서울특별시 성동구 송정동 24-11,37.5479516,127.0604632,2022,건축물,02-2286-5114,서울특별시 성동구청,2025-12-23
송정동303,1,서울특별시 성동구 송정동 8-14,서울특별시 성동구 송정동 43-20,37.548082,127.0607782,2021,건축물,02-2286-5114,서울특별시 성동구청,2025-12-23
송정동304,1,서울특별시 성동구 송정동 49-14,서울특별시 성동구 송정동 142-24,37.5479495,127.0608836,2023,한전주,02-2286-5114,서울특별시 성동구청,2025-12-23
송정동305,1,서울특별시 성동구 송정동 61-4,서울특별시 성동구 송정동 13-13,37.5480108,127.0612052,2022,전용주,02-2286-5114,서울특별시 성동구청,2025-12-23
송정동306,1,서울특별시 성동구 송정동 93-1,서울특별시 성동구 송정동 110-3,37.5480123,127.0614102,2020,한전주,02-2286-5114,서울특별시 성동구청,2025-12-23
송정동307,1,서울특별시 성동구 송정동 44-21,서울특별시 성동구 송정동 75-3,37.5480012,127.0618114,2021,한전주,02-2286-5114,서울특별시 성동구청,2025-12-23
송정동308,1,서울특별시 성동구 송정동 25-3,서울특별시 성동구 송정동 89-26,37.5479673,127.0636626,2022,건축물,02-2286-5114,서울특별시 성동구청,2025-12-23
송정동309,1,서울특별시 성동구 송정동 142-2,서울특별시 성동구 송정동 100-27,37.5479906,127.0640059,2022,한전주,02-2286-5114,서울특별시 성동구청,2025-12-23
송정동310,1,서울특별시 성동구 송정동 147-29,서울특별시 성동구 송정동 61-16,37.5479914,127.0642027,2020,전용주,02-2286-5114,서울특별시 성동구청,2025-12-23
송정동311,1,서울특별시 성동구 송정동 9-17,서울특별시 성동구 송정동 147-29,37.547937,127.0644935,2022,건축물,02-2286-5114,서울특별시 성동구청,2025-12-23
송정동312,1,서울특별시 성동구 송정동 45-6,서울특별시 성동구 송정동 55-26,37.5480236,127.0648326,2019,전용주,02-2286-5114,서울특별시 성동구청,2025-12-23
송정동313,1,서울특별시 성동구 송정동 112-7,서울특별시 성동구 송정동 38-27,37.5479446,127.0651132,2022,건축물,02-2286-5114,서울특별시 성동구청,2025-12-23
송정동314,1,서울특별시 성동구 송정동 23-13,서울특별시 성동구 송정동 143-13,37.5479656,127.0654233,2022,한전주,02-2286-5114,서울특별시 성동구청,2025-12-23
송정동315,1,서울특별시 성동구 송정동 4-26,서울특별시 성동구 송정동 134-26,37.5479766,127.0655539,2021,전용주,02-2286-5114,서울특별시 성동구청,2025-12-23
송정동316,1,서울특별시 성동구 송정동 150-25,서울특별시 성동구 송정동 26-30,37.5479424,127.0657657,2018,건축물,02-2286-5114,서울특별시 성동구청,2025-12-23
송정동317,1,서울특별시 성동구 송정동 138-29,서울특별시 성동구 송정동 89-29,37.5480144,127.0659901,2021,전용주,02-2286-5114,서울특별시 성동구청,2025-12-23
송정동318,1,서울특별시 성동구 송정동 122-2,서울특별시 성동구 송정동 45-9,37.5479666,127.0663108,2021,건축물,02-2286-5114,서울특별시 성동구청,2025-12-23
송정동319,1,서울특별시 성동구 송정동 103-2,서울특별시 성동구 송정동 102-29,37.5479474,127.0665355,2020,건축물,02-2286-5114,서울특별시 성동구청,2025-12-23
송정동320,1,서울특별시 성동구 송정동 69-29,서울특별시 성동구 송정동 96-1,37.5480349,127.0666781,2020,전용주,02-2286-5114,서울특별시 성동구청,2025-12-23
송정동321,1,서울특별시 성동구 송정동 126-28,서울특별시 성동구 송정동 26-28,37.5480552,127.0669508,2019,전용주,02-2286-5114,서울특별시 성동구청,2025-12-23
송정동322,1,서울특별시 성동구 송정동 45-20,서울특별시 성동구 송정동 3-8,37.5481794,127.0600848,2020,건축물,02-2286-5114,서울특별시 성동구청,2025-12-23
송정동323,1,서울특별시 성동구 송정동 144-21,서울특별시 성동구 송정동 73-10,37.5483379,127.0619505,2023,전용주,02-2286-5114,서울특별시 성동구청,2025-12-23
송정동324,1,서울특별시 성동구 송정동 67-21,서울특별시 성동구 송정동 77-7,37.5483361,127.0623626,2019,전용주,02-2286-5114,서울특별시 성동구청,2025-12-23
송정동325,1,서울특별시 성동구 송정동 104-22,서울특별시 성동구 송정동 82-22,37.5482608,127.0625306,2019,한전주,02-2286-5114,서울특별시 성동구청,2025-12-23
송정동326,1,서울특별시 성동구 송정동 67-30,서울특별시 성동구 송정동 108-13,37.5482934,127.0628292,2021,전용주,02-2286-5114,서울특별시 성동구청,2025-12-23
송정동327,1,서울특별시 성동구 송정동 49-11,서울특별시 성동구 송정동 57-22,37.5482959,127.0630497,2022,건축물,02-2286-5114,서울특별시 성동구청,2025-12-23
송정동328,1,서울특별시 성동구 송정동 92-17,서울특별시 성동구 송정동 77-28,37.5482801,127.0632646,2019,건축물,02-2286-5114,서울특별시 성동구청,2025-12-23
송정동329,1,서울특별시 성동구 송정동 76-4,서울특별시 성동구 송정동 121-5,37.5483125,127.0635609,2023,한전주,02-2286-5114,서울특별시 성동구청,2025-12-23
송정동330,1,서울특별시 성동구 송정동 86-21,서울특별시 성동구 송정동 23-8,37.5483001,127.0639142,2020,건축물,02-2286-5114,서울특별시 성동구청,2025-12-23
송정동331,1,서울특별시 성동구 송정동 66-25,서울특별시 성동구 송정동 137-20,37.5485584,127.059999,2018,건축물,02-2286-5114,서울특별시 성동구청,2025-12-23
송정동332,1,서울특별시 성동구 송정동 6-2,서울특별시 성동구 송정동 30-14,37.5485267,127.0601787,2021,한전주,02-2286-5114,서울특별시 성동구청,2025-12-23
송정동333,1,서울특별시 성동구 송정동 40-7,서울특별시 성동구 송정동 3-10,37.5484925,127.0604907,2021,전용주,02-2286-5114,서울특별시 성동구청,2025-12-23
송정동334,1,서울특별시 성동구 송정동 36-14,서울특별시 성동구 송정동 27-17,37.5485375,127.0607413,2023,전용주,02-2286-5114,서울특별시 성동구청,2025-12-23
송정동335,1,서울특별시 성동구 송정동 128-7,서울특별시 성동구 송정동 52-25,37.5485305,127.0609126,2020,한전주,02-2286-5114,서울특별시 성동구청,2025-12-23
송정동336,1,서울특별시 성동구 송정동 105-10,서울특별시 성동구 송정동 42-2,37.5485647,127.0612552,2022,전용주,02-2286-5114,서울특별시 성동구청,2025-12-23
송정동337,1,서울특별시 성동구 송정동 85-8,서울특별시 성동구 송정동 1-1,37.548511,127.0613648,2023,전용주,02-2286-5114,서울특별시 성동구청,2025-12-23
송정동338,1,서울특별시 성동구 송정동 127-5,서울특별시 성동구 송정동 24-25,37.5484459,127.0615814,2022,건축물,02-2286-5114,서울특별시 성동구청,2025-12-23
송정동339,1,서울특별시 성동구 송정동 60-15,서울특별시 성동구 송정동 76-9,37.5484436,127.0619116,2021,전용주,02-2286-5114,서울특별시 성동구청,2025-12-23
송정동340,1,서울특별시 성동구 송정동 75-12,서울특별시 성동구 송정동 81-14,37.5484396,127.0621581,2023,한전주,02-2286-5114,서울특별시 성동구청,2025-12-23
송정동341,1,서울특별시 성동구 송정동 3-28,서울특별시 성동구 송정동 36-22,37.5484502,127.0623963,2023,한전주,02-2286-5114,서울특별시 성동구청,2025-12-23
송정동342,1,서울특별시 성동구 송정동 69-29,서울특별시 성동구 송정동 24-12,37.5484589,127.0625494,2024,전용주,02-2286-5114,서울특별시 성동구청,2025-12-23
송정동343,1,서울특별시 성동구 송정동 117-9,서울특별시 성동구 송정동 99-23,37.5484865,127.0627425,2024,전용주,02-2286-5114,서울특별시 성동구청,2025-12-23
송정동344,1,서울특별시 성동구 송정동 29-5,서울특별시 성동구 송정동 16-28,37.5485081,127.0630239,2019,한전주,02-2286-5114,서울특별시 성동구청,2025-12-23
송정동345,1,서울특별시 성동구 송정동 146-22,서울특별시 성동구 송정동 113-6,37.5484482,127.0633343,2022,전용주,02-2286-5114,서울특별시 성동구청,2025-12-23
송정동346,1,서울특별시 성동구 송정동 34-16,서울특별시 성동구 송정동 125-4,37.5484924,127.063478,2021,한전주,02-2286-5114,서울특별시 성동구청,2025-12-23
송정동347,1,서울특별시 성동구 송정동 81-1,서울특별시 성동구 송정동 135-25,37.5485021,127.0636629,2023,건축물,02-2286-5114,서울특별시 성동구청,2025-12-23
송정동348,1,서울특별시 성동구 송정동 87-17,서울특별시 성동구 송정동 134-23,37.5485239,127.0639753,2023,건축물,02-2286-5114,서울특별시 성동구청,2025-12-23
송정동349,1,서울특별시 성동구 송정동 64-16,서울특별시 성동구 송정동 89-22,37.5485305,127.0641862,2023,건축물,02-2286-5114,서울특별시 성동구청,2025-12-23
송정동350,1,서울특별시 성동구 송정동 14-1,서울특별시 성동구 송정동 41-17,37.5485343,127.0643729,2024,건축물,02-2286-5114,서울특별시 성동구청,2025-12-23
송정동351,1,서울특별시 성동구 송정동 20-25,서울특별시 성동구 송정동 126-11,37.5485067,127.0646606,2019,한전주,02-2286-5114,서울특별시 성동구청,2025-12-23
송정동352,1,서울특별시 성동구 송정동 58-18,서울특별시 성동구 송정동 97-13,37.5484846,127.0648578,2024,건축물,02-2286-5114,서울특별시 성동구청,2025-12-23
송정동353,1,서울특별시 성동구 송정동 115-3,서울특별시 성동구 송정동 128-15,37.5484692,127.0651189,2020,건축물,02-2286-5114,서울특별시 성동구청,2025-12-23
송정동354,1,서울특별시 성동구 송정동 5-4,서울특별시 성동구 송정동 104-14,37.5484506,127.0653571,2018,건축물,02-2286-5114,서울특별시 성동구청,2025-12-23
송정동355,1,서울특별시 성동구 송정동 78-29,서울특별시 성동구 송정동 131-18,37.5485208,127.0655097,2019,한전주,02-2286-5114,서울특별시 성동구청,2025-12-23
송정동356,1,서울특별시 성동구 송정동 94-27,서울특별시 성동구 송정동 14-27,37.5485364,127.0658148,2019,전용주,02-2286-5114,서울특별시 성동구청,2025-12-23
송정동357,1,서울특별시 성동구 송정동 122-23,서울특별시 성동구 송정동 94-23,37.5485667,127.066027,2021,건축물,02-2286-5114,서울특별시 성동구청,2025-12-23
송정동358,1,서울특별시 성동구 송정동 1-11,서울특별시 성동구 송정동 91-27,37.5484499,127.0663275,2023,한전주,02-2286-5114,서울특별시 성동구청,2025-12-23
송정동359,1,서울특별시 성동구 송정동 96-23,서울특별시 성동구 송정동 28-2,37.5485859,127.0664848,2019,건축물,02-2286-5114,서울특별시 성동구청,2025-12-23
송정동360,1,서울특별시 성동구 송정동 105-4,서울특별시 성동구 송정동 66-20,37.5485104,127.0668017,2019,건축물,02-2286-5114,서울특별시 성동구청,2025-12-23
송정동361,1,서울특별시 성동구 송정동 56-15,서울특별시 성동구 송정동 49-23,37.5484616,127.0670512,2020,전용주,02-2286-5114,서울특별시 성동구청,2025-12-23
송정동362,1,서울특별시 성동구 송정동 137-10,서울특별시 성동구 송정동 109-26,37.5487766,127.0600457,2018,전용주,02-2286-5114,서울특별시 성동구청,2025-12-23
송정동363,1,서울특별시 성동구 송정동 14-22,서울특별시 성동구 송정동 15-7,37.5487689,127.0601751,2020,한전주,02-2286-5114,서울특별시 성동구청,2025-12-23
송정동364,1,서울특별시 성동구 송정동 65-5,서울특별시 성동구 송정동 16-23,37.5488053,127.0604289,2024,전용주,02-2286-5114,서울특별시 성동구청,2025-12-23
송정동365,1,서울특별시 성동구 송정동 52-20,서울특별시 성동구 송정동 114-27,37.5487736,127.0629585,2019,전용주,02-2286-5114,서울특별시 성동구청,2025-12-23
송정동366,1,서울특별시 성동구 송정동 95-25,서울특별시 성동구 송정동 140-24,37.5488311,127.0633013,2022,건축물,02-2286-5114,서울특별시 성동구청,2025-12-23
송정동367,1,서울특별시 성동구 송정동 76-15,서울특별시 성동구 송정동 46-22,37.5487167,127.0635366,2018,한전주,02-2286-5114,서울특별시 성동구청,2025-12-23
송정동368,1,서울특별시 성동구 송정동 31-13,서울특별시 성동구 송정동 11-14,37.5487152,127.0636806,2020,건축물,02-2286-5114,서울특별시 성동구청,2025-12-23
송정동369,1,서울특별시 성동구 송정동 66-1,서울특별시 성동구 송정동 85-15,37.5487743,127.0639057,2023,건축물,02-2286-5114,서울특별시 성동구청,2025-12-23
송정동370,1,서울특별시 성동구 송정동 14-25,서울특별시 성동구 송정동 78-16,37.5488353,127.0641234,2024,전용주,02-2286-5114,서울특별시 성동구청,2025-12-23
송정동371,1,서울특별시 성동구 송정동 82-17,서울특별시 성동구 송정동 57-6,37.5487769,127.0644064,2022,건축물,02-2286-5114,서울특별시 성동구청,2025-12-23
송정동372,1,서울특별시 성동구 송정동 140-18,서울특별시 성동구 송정동 104-3,37.5486962,127.064662,2020,전용주,02-2286-5114,서울특별시 성동구청,2025-12-23
송정동373,1,서울특별시 성동구 송정동 85-12,서울특별시 성동구 송정동 76-7,37.5487206,127.0648475,2024,전용주,02-2286-5114,서울특별시 성동구청,2025-12-23
송정동374,1,서울특별시 성동구 송정동 3-4,서울특별시 성동구 송정동 89-15,37.5487842,127.0651214,2019,건축물,02-2286-5114,서울특별시 성동구청,2025-12-23
송정동375,1,서울특별시 성동구 송정동 63-2,서울특별시 성동구 송정동 83-13,37.54883,127.0653758,2024,건축물,02-2286-5114,서울특별시 성동구청,2025-12-23
송정동376,1,서울특별시 성동구 송정동 73-1,서울특별시 성동구 송정동 133-27,37.5488365,127.0655714,2024,건축물,02-2286-5114,서울특별시 성동구청,2025-12-23
송정동377,1,서울특별시 성동구 송정동 125-2,서울특별시 성동구 송정동 76-29,37.5487452,127.0658702,2023,전용주,02-2286-5114,서울특별시 성동구청,2025-12-23
송정동378,1,서울특별시 성동구 송정동 43-25,서울특별시 성동구 송정동 138-18,37.5487161,127.0660561,2018,한전주,02-2286-5114,서울특별시 성동구청,2025-12-23
송정동379,1,서울특별시 성동구 송정동 55-28,서울특별시 성동구 송정동 109-27,37.5487856,127.0662397,2018,건축물,02-2286-5114,서울특별시 성동구청,2025-12-23
송정동380,1,서울특별시 성동구 송정동 112-21,서울특별시 성동구 송정동 19-24,37.5487181,127.0665707,2023,건축물,02-2286-5114,서울특별시 성동구청,2025-12-23
송정동381,1,서울특별시 성동구 송정동 10-3,서울특별시 성동구 송정동 19-2,37.5487099,127.0667437,2019,전용주,02-2286-5114,서울특별시 성동구청,2025-12-23
송정동382,1,서울특별시 성동구 송정동 59-30,서울특별시 성동구 송정동 67-14,37.5488123,127.0669917,2021,건축물,02-2286-5114,서울특별시 성동구청,2025-12-23
송정동383,1,서울특별시 성동구 송정동 5-13,서울특별시 성동구 송정동 31-18,37.5487574,127.0671992,2018,전용주,02-2286-5114,서울특별시 성동구청,2025-12-23
송정동384,1,서울특별시 성동구 송정동 150-2,서울특별시 성동구 송정동 19-12,37.5487879,127.0674655,2022,건축물,02-2286-5114,서울특별시 성동구청,2025-12-23
송정동385,1,서울특별시 성동구 송정동 20-24,서울특별시 성동구 송정동 20-29,37.5490251,127.0636949,2018,건축물,02-2286-5114,서울특별시 성동구청,2025-12-23
송정동386,1,서울특별시 성동구 송정동 149-13,서울특별시 성동구 송정동 55-30,37.5490748,127.0639859,2018,건축물,02-2286-5114,서울특별시 성동구청,2025-12-23
송정동387,1,서울특별시 성동구 송정동 121-21,서울특별시 성동구 송정동 39-12,37.5490271,127.0642039,2021,건축물,02-2286-5114,서울특별시 성동구청,2025-12-23
송정동388,1,서울특별시 성동구 송정동 75-5,서울특별시 성동구 송정동 119-17,37.5489746,127.0644726,2022,건축물,02-2286-5114,서울특별시 성동구청,2025-12-23
송정동389,1,서울특별시 성동구 송정동 62-28,서울특별시 성동구 송정동 43-25,37.5489534,127.0646394,2022,한전주,02-2286-5114,서울특별시 성동구청,2025-12-23
송정동390,1,서울특별시 성동구 송정동 145-22,서울특별시 성동구 송정동 38-24,37.5489613,127.0648388,2023,건축물,02-2286-5114,서울특별시 성동구청,2025-12-23
송정동391,1,서울특별시 성동구 송정동 125-8,서울특별시 성동구 송정동 17-9,37.5490162,127.0651029,2020,한전주,02-2286-5114,서울특별시 성동구청,2025-12-23
송정동392,1,서울특별시 성동구 송정동 93-13,서울특별시 성동구 송정동 121-30,37.5489763,127.0653845,2021,건축물,02-2286-5114,서울특별시 성동구청,2025-12-23
송정동393,1,서울특별시 성동구 송정동 83-4,서울특별시 성동구 송정동 134-21,37.5490799,127.0655161,2024,건축물,02-2286-5114,서울특별시 성동구청,2025-12-23
송정동394,1,서울특별시 성동구 송정동 140-19,서울특별시 성동구 송정동 45-13,37.5489826,127.0658605,2023,건축물,02-2286-5114,서울특별시 성동구청,2025-12-23
송정동395,1,서울특별시 성동구 송정동 133-9,서울특별시 성동구 송정동 97-30,37.5489994,127.0660679,2019,한전주,02-2286-5114,서울특별시 성동구청,2025-12-23
송정동396,1,서울특별시 성동구 송정동 125-26,서울특별시 성동구 송정동 124-29,37.5490215,127.0662625,2022,전용주,02-2286-5114,서울특별시 성동구청,2025-12-23
송정동397,1,서울특별시 성동구 송정동 43-8,서울특별시 성동구 송정동 20-17,37.5489399,127.0665793,2023,전용주,02-2286-5114,서울특별시 성동구청,2025-12-23
송정동398,1,서울특별시 성동구 송정동 93-20,서울특별시 성동구 송정동 31-22,37.5489838,127.0666943,2019,한전주,02-2286-5114,서울특별시 성동구청,2025-12-23
송정동399,1,서울특별시 성동구 송정동 124-22,서울특별시 성동구 송정동 123-16,37.5490052,127.0669552,2019,한전주,02-2286-5114,서울특별시 성동구청,2025-12-23
송정동400,1,서울특별시 성동구 송정동 6-8,서울특별시 성동구 송정동 12-5,37.5490334,127.067238,2022,전용주,02-2286-5114,서울특별시 성동구청,2025-12-23
송정동401,1,서울특별시 성동구 송정동 11-29,서울특별시 성동구 송정동 147-5,37.5490337,127.0673881,2018,건축물,02-2286-5114,서울특별시 성동구청,2025-12-23
송정동402,1,서울특별시 성동구 송정동 148-12,서울특별시 성동구 송정동 102-24,37.549282,127.0641944,2019,전용주,02-2286-5114,서울특별시 성동구청,2025-12-23
송정동403,1,서울특별시 성동구 송정동 59-15,서울특별시 성동구 송정동 42-4,37.5493293,127.0644546,2019,건축물,02-2286-5114,서울특별시 성동구청,2025-12-23
송정동404,1,서울특별시 성동구 송정동 14-6,서울특별시 성동구 송정동 100-21,37.5492738,127.064707,2018,건축물,02-2286-5114,서울특별시 성동구청,2025-12-23
송정동405,1,서울특별시 성동구 송정동 112-3,서울특별시 성동구 송정동 17-9,37.5493212,127.0649451,2019,전용주,02-2286-5114,서울특별시 성동구청,2025-12-23
송정동406,1,서울특별시 성동구 송정동 99-30,서울특별시 성동구 송정동 103-20,37.5492518,127.0651429,2023,건축물,02-2286-5114,서울특별시 성동구청,2025-12-23
송정동407,1,서울특별시 성동구 송정동 15-25,서울특별시 성동구 송정동 45-21,37.5492759,127.0653914,2021,건축물,02-2286-5114,서울특별시 성동구청,2025-12-23
송정동408,1,서울특별시 성동구 송정동 133-10,서울특별시 성동구 송정동 50-2,37.5492627,127.0655419,2024,건축물,02-2286-5114,서울특별시 성동구청,2025-12-23
송정동409,1,서울특별시 성동구 송정동 44-22,서울특별시 성동구 송정동 10-12,37.5492884,127.0658243,2019,한전주,02-2286-5114,서울특별시 성동구청,2025-12-23
송정동410,1,서울특별시 성동구 송정동 71-25,서울특별시 성동구 송정동 103-12,37.5492973,127.06613,2023,한전주,02-2286-5114,서울특별시 성동구청,2025-12-23
송정동411,1,서울특별시 성동구 송정동 4-24,서울특별시 성동구 송정동 18-30,37.5492557,127.0662998,2018,건축물,02-2286-5114,서울특별시 성동구청,2025-12-23
송정동412,1,서울특별시 성동구 송정동 150-12,서울특별시 성동구 송정동 89-27,37.5492804,127.0665543,2020,건축물,02-2286-5114,서울특별시 성동구청,2025-12-23
송정동413,1,서울특별시 성동구 송정동 104-19,서울특별시 성동구 송정동 2-9,37.5492287,127.0668243,2019,전용주,02-2286-5114,서울특별시 성동구청,2025-12-23
송정동414,1,서울특별시 성동구 송정동 129-10,서울특별시 성동구 송정동 88-4,37.5492576,127.0669194,2024,한전주,02-2286-5114,서울특별시 성동구청,2025-12-23
송정동415,1,서울특별시 성동구 송정동 148-9,서울특별시 성동구 송정동 114-13,37.5492746,127.0671757,2022,건축물,02-2286-5114,서울특별시 성동구청,2025-12-23
송정동416,1,서울특별시 성동구 송정동 118-22,서울특별시 성동구 송정동 118-29,37.5492699,127.0674055,2022,전용주,02-2286-5114,서울특별시 성동구청,2025-12-23
송정동417,1,서울특별시 성동구 송정동 18-13,서울특별시 성동구 송정동 57-22,37.5493304,127.0676758,2023,전용주,02-2286-5114,서울특별시 성동구청,2025-12-23
송정동418,1,서울특별시 성동구 송정동 133-18,서울특별시 성동구 송정동 81-26,37.5494744,127.064429,2021,건축물,02-2286-5114,서울특별시 성동구청,2025-12-23
송정동419,1,서울특별시 성동구 송정동 13-13,서울특별시 성동구 송정동 26-23,37.5494941,127.0646712,2019,건축물,02-2286-5114,서울특별시 성동구청,2025-12-23
송정동420,1,서울특별시 성동구 송정동 25-15,서울특별시 성동구 송정동 86-9,37.5494557,127.0649435,2020,전용주,02-2286-5114,서울특별시 성동구청,2025-12-23
송정동421,1,서울특별시 성동구 송정동 89-1,서울특별시 성동구 송정동 106-4,37.5495038,127.0651346,2020,전용주,02-2286-5114,서울특별시 성동구청,2025-12-23
송정동422,1,서울특별시 성동구 송정동 148-19,서울특별시 성동구 송정동 138-6,37.5495849,127.0654317,2024,한전주,02-2286-5114,서울특별시 성동구청,2025-12-23
송정동423,1,서울특별시 성동구 송정동 125-25,서울특별시 성동구 송정동 115-29,37.5494917,127.0655617,2018,건축물,02-2286-5114,서울특별시 성동구청,2025-12-23
송정동424,1,서울특별시 성동구 송정동 38-28,서울특별시 성동구 송정동 43-21,37.5495071,127.0657876,2024,건축물,02-2286-5114,서울특별시 성동구청,2025-12-23
송정동425,1,서울특별시 성동구 송정동 147-13,서울특별시 성동구 송정동 19-3,37.5495947,127.0660414,2019,건축물,02-2286-5114,서울특별시 성동구청,2025-12-23
송정동426,1,서울특별시 성동구 송정동 75-23,서울특별시 성동구 송정동 69-20,37.5495011,127.0662562,2023,건축물,02-2286-5114,서울특별시 성동구청,2025-12-23
송정동427,1,서울특별시 성동구 송정동 134-15,서울특별시 성동구 송정동 106-6,37.5495094,127.0665802,2019,전용주,02-2286-5114,서울특별시 성동구청,2025-12-23
송정동428,1,서울특별시 성동구 송정동 65-24,서울특별시 성동구 송정동 21-7,37.5495828,127.0666903,2019,한전주,02-2286-5114,서울특별시 성동구청,2025-12-23
송정동429,1,서울특별시 성동구 송정동 141-2,서울특별시 성동구 송정동 7-25,37.5495097,127.0669176,2021,전용주,02-2286-5114,서울특별시 성동구청,2025-12-23
송정동430,1,서울특별시 성동구 송정동 68-20,서울특별시 성동구 송정동 40-3,37.54953,127.0672938,2023,한전주,02-2286-5114,서울특별시 성동구청,2025-12-23
송정동431,1,서울특별시 성동구 송정동 64-24,서울특별시 성동구 송정동 73-15,37.5495952,127.067429,2023,한전주,02-2286-5114,서울특별시 성동구청,2025-12-23
송정동432,1,서울특별시 성동구 송정동 8-2,서울특별시 성동구 송정동 92-28,37.5494664,127.067683,2020,한전주,02-2286-5114,서울특별시 성동구청,2025-12-23
송정동433,1,서울특별시 성동구 송정동 70-18,서울특별시 성동구 송정동 114-5,37.5495844,127.0679056,2023,건축물,02-2286-5114,서울특별시 성동구청,2025-12-23
송정동434,1,서울특별시 성동구 송정동 80-30,서울특별시 성동구 송정동 83-6,37.5498063,127.0650788,2023,전용주,02-2286-5114,서울특별시 성동구청,2025-12-23
송정동435,1,서울특별시 성동구 송정동 134-4,서울특별시 성동구 송정동 65-16,37.5498163,127.0653967,2023,건축물,02-2286-5114,서울특별시 성동구청,2025-12-23
송정동436,1,서울특별시 성동구 송정동 56-4,서울특별시 성동구 송정동 61-21,37.5497476,127.0655673,2021,한전주,02-2286-5114,서울특별시 성동구청,2025-12-23
송정동437,1,서울특별시 성동구 송정동 150-4,서울특별시 성동구 송정동 102-26,37.5497517,127.0657686,2019,전용주,02-2286-5114,서울특별시 성동구청,2025-12-23
송정동438,1,서울특별시 성동구 송정동 122-23,서울특별시 성동구 송정동 40-12,37.5497012,127.0659806,2024,건축물,02-2286-5114,서울특별시 성동구청,2025-12-23
송정동439,1,서울특별시 성동구 송정동 87-30,서울특별시 성동구 송정동 16-2,37.5497141,127.0662312,2020,한전주,02-2286-5114,서울특별시 성동구청,2025-12-23
송정동440,1,서울특별시 성동구 송정동 33-16,서울특별시 성동구 송정동 60-11,37.5498029,127.0665503,2022,한전주,02-2286-5114,서울특별시 성동구청,2025-12-23
송정동441,1,서울특별시 성동구 송정동 50-1,서울특별시 성동구 송정동 97-12,37.5498259,127.0667913,2023,전용주,02-2286-5114,서울특별시 성동구청,2025-12-23
송정동442,1,서울특별시 성동구 송정동 113-18,서울특별시 성동구 송정동 76-18,37.5497213,127.0670461,2023,전용주,02-2286-5114,서울특별시 성동구청,2025-12-23
송정동443,1,서울특별시 성동구 송정동 90-11,서울특별시 성동구 송정동 120-9,37.5497782,127.0672251,2024,건축물,02-2286-5114,서울특별시 성동구청,2025-12-23
송정동444,1,서울특별시 성동구 송정동 42-3,서울특별시 성동구 송정동 136-5,37.5498328,127.0675129,2021,건축물,02-2286-5114,서울특별시 성동구청,2025-12-23
송정동445,1,서울특별시 성동구 송정동 117-1,서울특별시 성동구 송정동 130-13,37.5497471,127.0676408,2023,전용주,02-2286-5114,서울특별시 성동구청,2025-12-23
송정동446,1,서울특별시 성동구 송정동 62-11,서울특별시 성동구 송정동 17-22,37.5497294,127.0678338,2022,전용주,02-2286-5114,서울특별시 성동구청,2025-12-23
송정동447,1,서울특별시 성동구 송정동 128-25,서울특별시 성동구 송정동 142-5,37.5498308,127.0680933,2022,건축물,02-2286-5114,서울특별시 성동구청,2025-12-23
송정동448,1,서울특별시 성동구 송정동 10-15,서울특별시 성동구 송정동 92-5,37.5500447,127.065369,2019,한전주,02-2286-5114,서울특별시 성동구청,2025-12-23
송정동449,1,서울특별시 성동구 송정동 60-9,서울특별시 성동구 송정동 77-3,37.5499958,127.065652,2022,한전주,02-2286-5114,서울특별시 성동구청,2025-12-23
송정동450,1,서울특별시 성동구 송정동 20-24,서울특별시 성동구 송정동 84-26,37.5500174,127.0658887,2021,건축물,02-2286-5114,서울특별시 성동구청,2025-12-23
송정동451,1,서울특별시 성동구 송정동 148-27,서울특별시 성동구 송정동 25-20,37.549981,127.066106,2023,건축물,02-2286-5114,서울특별시 성동구청,2025-12-23
송정동452,1,서울특별시 성동구 송정동 98-3,서울특별시 성동구 송정동 15-30,37.5500014,127.0663229,2024,건축물,02-2286-5114,서울특별시 성동구청,2025-12-23
송정동453,1,서울특별시 성동구 송정동 107-30,서울특별시 성동구 송정동 31-28,37.5500069,127.0665789,2024,전용주,02-2286-5114,서울특별시 성동구청,2025-12-23
송정동454,1,서울특별시 성동구 송정동 3-21,서울특별시 성동구 송정동 98-2,37.5499897,127.0667747,2020,건축물,02-2286-5114,서울특별시 성동구청,2025-12-23
송정동455,1,서울특별시 성동구 송정동 39-11,서울특별시 성동구 송정동 129-23,37.5500373,127.0669535,2019,건축물,02-2286-5114,서울특별시 성동구청,2025-12-23
송정동456,1,서울특별시 성동구 송정동 115-25,서울특별시 성동구 송정동 148-17,37.5499779,127.0672423,2018,전용주,02-2286-5114,서울특별시 성동구청,2025-12-23
송정동457,1,서울특별시 성동구 송정동 38-5,서울특별시 성동구 송정동 87-3,37.5499889,127.067413,2021,전용주,02-2286-5114,서울특별시 성동구청,2025-12-23
송정동458,1,서울특별시 성동구 송정동 68-3,서울특별시 성동구 송정동 103-17,37.5500448,127.0676066,2021,전용주,02-2286-5114,서울특별시 성동구청,2025-12-23
송정동459,1,서울특별시 성동구 송정동 124-18,서울특별시 성동구 송정동 51-16,37.5500772,127.0678517,2021,한전주,02-2286-5114,서울특별시 성동구청,2025-12-23
송정동460,1,서울특별시 성동구 송정동 135-8,서울특별시 성동구 송정동 63-3,37.5500577,127.0680943,2020,건축물,02-2286-5114,서울특별시 성동구청,2025-12-23
송정동461,1,서울특별시 성동구 송정동 59-14,서울특별시 성동구 송정동 62-19,37.5502682,127.0656634,2019,건축물,02-2286-5114,서울특별시 성동구청,2025-12-23
송정동462,1,서울특별시 성동구 송정동 85-15,서울특별시 성동구 송정동 139-5,37.5502752,127.0657918,2019,건축물,02-2286-5114,서울특별시 성동구청,2025-12-23
송정동463,1,서울특별시 성동구 송정동 52-28,서울특별시 성동구 송정동 36-10,37.5503114,127.0660669,2023,건축물,02-2286-5114,서울특별시 성동구청,2025-12-23
송정동464,1,서울특별시 성동구 송정동 111-30,서울특별시 성동구 송정동 38-21,37.5503198,127.0662898,2022,한전주,02-2286-5114,서울특별시 성동구청,2025-12-23
송정동465,1,서울특별시 성동구 송정동 137-24,서울특별시 성동구 송정동 31-6,37.5503537,127.0664889,2020,건축물,02-2286-5114,서울특별시 성동구청,2025-12-23
송정동466,1,서울특별시 성동구 송정동 82-29,서울특별시 성동구 송정동 106-14,37.5503413,127.0666935,2020,한전주,02-2286-5114,서울특별시 성동구청,2025-12-23
송정동467,1,서울특별시 성동구 송정동 71-5,서울특별시 성동구 송정동 49-4,37.5502779,127.0670518,2019,건축물,02-2286-5114,서울특별시 성동구청,2025-12-23
송정동468,1,서울특별시 성동구 송정동 69-20,서울특별시 성동구 송정동 146-20,37.5502366,127.0672565,2019,건축물,02-2286-5114,서울특별시 성동구청,2025-12-23
송정동469,1,서울특별시 성동구 송정동 92-3,서울특별시 성동구 송정동 123-5,37.5503024,127.0674035,2022,한전주,02-2286-5114,서울특별시 성동구청,2025-12-23
송정동470,1,서울특별시 성동구 송정동 96-6,서울특별시 성동구 송정동 100-16,37.5503424,127.0676737,2021,건축물,02-2286-5114,서울특별시 성동구청,2025-12-23
송정동471,1,서울특별시 성동구 송정동 105-25,서울특별시 성동구 송정동 4-30,37.550229,127.0678617,2020,한전주,02-2286-5114,서울특별시 성동구청,2025-12-23
송정동472,1,서울특별시 성동구 송정동 52-25,서울특별시 성동구 송정동 53-3,37.550359,127.0680985,2019,건축물,02-2286-5114,서울특별시 성동구청,2025-12-23
송정동473,1,서울특별시 성동구 송정동 141-9,서울특별시 성동구 송정동 143-27,37.5504733,127.0658378,2024,한전주,02-2286-5114,서울특별시 성동구청,2025-12-23
송정동474,1,서울특별시 성동구 송정동 90-2,서울특별시 성동구 송정동 38-28,37.5504939,127.0660035,2018,한전주,02-2286-5114,서울특별시 성동구청,2025-12-23
송정동475,1,서울특별시 성동구 송정동 85-30,서울특별시 성동구 송정동 23-2,37.5505674,127.0663401,2018,전용주,02-2286-5114,서울특별시 성동구청,2025-12-23
송정동476,1,서울특별시 성동구 송정동 73-20,서울특별시 성동구 송정동 147-26,37.5505273,127.0664667,2022,건축물,02-2286-5114,서울특별시 성동구청,2025-12-23
송정동477,1,서울특별시 성동구 송정동 93-30,서울특별시 성동구 송정동 10-3,37.550489,127.0667431,2024,건축물,02-2286-5114,서울특별시 성동구청,2025-12-23
송정동478,1,서울특별시 성동구 송정동 18-25,서울특별시 성동구 송정동 110-27,37.5505085,127.0669613,2022,전용주,02-2286-5114,서울특별시 성동구청,2025-12-23
송정동479,1,서울특별시 성동구 송정동 71-11,서울특별시 성동구 송정동 135-14,37.550471,127.0672098,2022,한전주,02-2286-5114,서울특별시 성동구청,2025-12-23
송정동480,1,서울특별시 성동구 송정동 28-19,서울특별시 성동구 송정동 136-3,37.5504942,127.0674,2021,한전주,02-2286-5114,서울특별시 성동구청,2025-12-23
송정동481,1,서울특별시 성동구 송정동 74-14,서울특별시 성동구 송정동 82-9,37.5505765,127.0676955,2022,건축물,02-2286-5114,서울특별시 성동구청,2025-12-23
송정동482,1,서울특별시 성동구 송정동 145-16,서울특별시 성동구 송정동 134-24,37.5505527,127.0679305,2023,한전주,02-2286-5114,서울특별시 성동구청,2025-12-23
송정동483,1,서울특별시 성동구 송정동 60-23,서울특별시 성동구 송정동 75-7,37.5505403,127.0681922,2018,건축물,02-2286-5114,서울특별시 성동구청,2025-12-23
송정동484,1,서울특별시 성동구 송정동 54-26,서울특별시 성동구 송정동 107-14,37.5504795,127.0683694,2018,한전주,02-2286-5114,서울특별시 성동구청,2025-12-23
송정동485,1,서울특별시 성동구 송정동 52-7,서울특별시 성동구 송정동 74-9,37.5507642,127.0658845,2022,전용주,02-2286-5114,서울특별시 성동구청,2025-12-23
송정동486,1,서울특별시 성동구 송정동 70-5,서울특별시 성동구 송정동 41-9,37.5507653,127.0660445,2018,한전주,02-2286-5114,서울특별시 성동구청,2025-12-23
송정동487,1,서울특별시 성동구 송정동 27-7,서울특별시 성동구 송정동 139-12,37.5507167,127.0663057,2022,건축물,02-2286-5114,서울특별시 성동구청,2025-12-23
송정동488,1,서울특별시 성동구 송정동 73-19,서울특별시 성동구 송정동 63-6,37.5507652,127.0664608,2018,건축물,02-2286-5114,서울특별시 성동구청,2025-12-23
송정동489,1,서울특별시 성동구 송정동 114-2,서울특별시 성동구 송정동 34-1,37.5507641,127.066813,2021,건축물,02-2286-5114,서울특별시 성동구청,2025-12-23
송정동490,1,서울특별시 성동구 송정동 14-3,서울특별시 성동구 송정동 110-13,37.5508588,127.0669104,2019,전용주,02-2286-5114,서울특별시 성동구청,2025-12-23
송정동491,1,서울특별시 성동구 송정동 115-20,서울특별시 성동구 송정동 92-10,37.550827,127.0672771,2020,건축물,02-2286-5114,서울특별시 성동구청,2025-12-23
송정동492,1,서울특별시 성동구 송정동 137-3,서울특별시 성동구 송정동 120-19,37.5508451,127.0674807,2019,건축물,02-2286-5114,서울특별시 성동구청,2025-12-23
송정동493,1,서울특별시 성동구 송정동 120-4,서울특별시 성동구 송정동 117-10,37.5507291,127.0677271,2023,건축물,02-2286-5114,서울특별시 성동구청,2025-12-23
송정동494,1,서울특별시 성동구 송정동 60-8,서울특별시 성동구 송정동 37-28,37.5508174,127.0679535,2022,전용주,02-2286-5114,서울특별시 성동구청,2025-12-23
송정동495,1,서울특별시 성동구 송정동 85-26,서울특별시 성동구 송정동 84-15,37.5507555,127.0681211,2021,한전주,02-2286-5114,서울특별시 성동구청,2025-12-23
송정동496,1,서울특별시 성동구 송정동 123-15,서울특별시 성동구 송정동 44-10,37.5507191,127.0683711,2024,전용주,02-2286-5114,서울특별시 성동구청,2025-12-23
송정동497,1,서울특별시 성동구 송정동 27-13,서울특별시 성동구 송정동 28-11,37.55077,127.0686191,2022,건축물,02-2286-5114,서울특별시 성동구청,2025-12-23
송정동498,1,서울특별시 성동구 송정동 109-20,서울특별시 성동구 송정동 47-15,37.5510409,127.0661001,2022,건축물,02-2286-5114,서울특별시 성동구청,2025-12-23
송정동499,1,서울특별시 성동구 송정동 91-8,서울특별시 성동구 송정동 48-14,37.5510357,127.0663372,2022,전용주,02-2286-5114,서울특별시 성동구청,2025-12-23
송정동500,1,서울특별시 성동구 송정동 61-23,서울특별시 성동구 송정동 129-9,37.5509691,127.0665178,2021,건축물,02-2286-5114,서울특별시 성동구청,2025-12-23
송정동501,1,서울특별시 성동구 송정동 10-19,서울특별시 성동구 송정동 124-23,37.5511161,127.0667625,2020,한전주,02-2286-5114,서울특별시 성동구청,2025-12-23
송정동502,1,서울특별시 성동구 송정동 21-5,서울특별시 성동구 송정동 135-28,37.550986,127.0669794,2024,건축물,02-2286-5114,서울특별시 성동구청,2025-12-23
송정동503,1,서울특별시 성동구 송정동 134-29,서울특별시 성동구 송정동 23-8,37.5510925,127.0672089,2021,한전주,02-2286-5114,서울특별시 성동구청,2025-12-23
송정동504,1,서울특별시 성동구 송정동 20-22,서울특별시 성동구 송정동 139-26,37.5510688,127.0674728,2022,건축물,02-2286-5114,서울특별시 성동구청,2025-12-23
송정동505,1,서울특별시 성동구 송정동 137-25,서울특별시 성동구 송정동 3-16,37.5510179,127.0676071,2021,전용주,02-2286-5114,서울특별시 성동구청,2025-12-23
송정동506,1,서울특별시 성동구 송정동 85-14,서울특별시 성동구 송정동 91-26,37.5510499,127.0679059,2020,건축물,02-2286-5114,서울특별시 성동구청,2025-12-23
송정동507,1,서울특별시 성동구 송정동 78-24,서울특별시 성동구 송정동 145-9,37.5510142,127.0680686,2018,건축물,02-2286-5114,서울특별시 성동구청,2025-12-23
송정동508,1,서울특별시 성동구 송정동 14-22,서울특별시 성동구 송정동 75-26,37.5510686,127.0683875,2023,건축물,02-2286-5114,서울특별시 성동구청,2025-12-23
송정동509,1,서울특별시 성동구 송정동 33-17,서울특별시 성동구 송정동 20-28,37.5510678,127.0685731,2024,한전주,02-2286-5114,서울특별시 성동구청,2025-12-23
송정동510,1,서울특별시 성동구 송정동 71-28,서울특별시 성동구 송정동 66-1,37.5510123,127.0687805,2023,전용주,02-2286-5114,서울특별시 성동구청,2025-12-23
송정동511,1,서울특별시 성동구 송정동 66-6,서울특별시 성동구 송정동 19-9,37.5512898,127.0665827,2024,전용주,02-2286-5114,서울특별시 성동구청,2025-12-23
송정동512,1,서울특별시 성동구 송정동 67-27,서울특별시 성동구 송정동 68-6,37.5512315,127.0667324,2021,한전주,02-2286-5114,서울특별시 성동구청,2025-12-23
송정동513,1,서울특별시 성동구 송정동 101-6,서울특별시 성동구 송정동 126-4,37.5512326,127.0670591,2019,한전주,02-2286-5114,서울특별시 성동구청,2025-12-23
송정동514,1,서울특별시 성동구 송정동 28-30,서울특별시 성동구 송정동 114-23,37.551308,127.0672035,2020,건축물,02-2286-5114,서울특별시 성동구청,2025-12-23
송정동515,1,서울특별시 성동구 송정동 65-25,서울특별시 성동구 송정동 115-1,37.551238,127.0673783,2021,건축물,02-2286-5114,서울특별시 성동구청,2025-12-23
송정동516,1,서울특별시 성동구 송정동 100-9,서울특별시 성동구 송정동 39-23,37.5512453,127.0677012,2020,한전주,02-2286-5114,서울특별시 성동구청,2025-12-23
송정동517,1,서울특별시 성동구 송정동 126-16,서울특별시 성동구 송정동 112-13,37.5513663,127.0679228,2024,건축물,02-2286-5114,서울특별시 성동구청,2025-12-23
송정동518,1,서울특별시 성동구 송정동 139-8,서울특별시 성동구 송정동 1-13,37.551338,127.0681929,2023,한전주,02-2286-5114,서울특별시 성동구청,2025-12-23
송정동519,1,서울특별시 성동구 송정동 138-30,서울특별시 성동구 송정동 92-11,37.5513524,127.0683722,2023,건축물,02-2286-5114,서울특별시 성동구청,2025-12-23
송정동520,1,서울특별시 성동구 송정동 24-12,서울특별시 성동구 송정동 137-28,37.55127,127.068536,2020,건축물,02-2286-5114,서울특별시 성동구청,2025-12-23
송정동521,1,서울특별시 성동구 송정동 52-6,서울특별시 성동구 송정동 142-2,37.5512344,127.0688328,2021,전용주,02-2286-5114,서울특별시 성동구청,2025-12-23
송정동522,1,서울특별시 성동구 송정동 78-12,서울특별시 성동구 송정동 108-1,37.5515899,127.0665361,2022,한전주,02-2286-5114,서울특별시 성동구청,2025-12-23
송정동523,1,서울특별시 성동구 송정동 25-20,서울특별시 성동구 송정동 93-28,37.5515128,127.066689,2024,건축물,02-2286-5114,서울특별시 성동구청,2025-12-23
송정동524,1,서울특별시 성동구 송정동 54-9,서울특별시 성동구 송정동 14-7,37.551633,127.0669836,2018,전용주,02-2286-5114,서울특별시 성동구청,2025-12-23
송정동525,1,서울특별시 성동구 송정동 128-6,서울특별시 성동구 송정동 41-22,37.5516026,127.0672441,2018,전용주,02-2286-5114,서울특별시 성동구청,2025-12-23
송정동526,1,서울특별시 성동구 송정동 112-9,서울특별시 성동구 송정동 86-20,37.5514838,127.0674249,2024,한전주,02-2286-5114,서울특별시 성동구청,2025-12-23
송정동527,1,서울특별시 성동구 송정동 14-30,서울특별시 성동구 송정동 138-6,37.5516176,127.0676712,2019,한전주,02-2286-5114,서울특별시 성동구청,2025-12-23
송정동528,1,서울특별시 성동구 송정동 19-29,서울특별시 성동구 송정동 61-24,37.5516008,127.0679084,2021,한전주,02-2286-5114,서울특별시 성동구청,2025-12-23
송정동529,1,서울특별시 성동구 송정동 84-8,서울특별시 성동구 송정동 29-11,37.55157,127.0681151,2019,한전주,02-2286-5114,서울특별시 성동구청,2025-12-23
송정동530,1,서울특별시 성동구 송정동 97-29,서울특별시 성동구 송정동 57-3,37.5514908,127.0684131,2021,한전주,02-2286-5114,서울특별시 성동구청,2025-12-23
송정동531,1,서울특별시 성동구 송정동 38-7,서울특별시 성동구 송정동 117-6,37.5515688,127.0685359,2021,전용주,02-2286-5114,서울특별시 성동구청,2025-12-23
송정동532,1,서울특별시 성동구 송정동 92-9,서울특별시 성동구 송정동 52-11,37.5515349,127.0688325,2019,한전주,02-2286-5114,서울특별시 성동구청,2025-12-23
송정동533,1,서울특별시 성동구 송정동 91-29,서울특별시 성동구 송정동 69-17,37.5518493,127.066792,2023,전용주,02-2286-5114,서울특별시 성동구청,2025-12-23
송정동534,1,서울특별시 성동구 송정동 89-15,서울특별시 성동구 송정동 125-17,37.5517964,127.0669111,2022,전용주,02-2286-5114,서울특별시 성동구청,2025-12-23
송정동535,1,서울특별시 성동구 송정동 137-29,서울특별시 성동구 송정동 75-15,37.5518615,127.0672097,2022,건축물,02-2286-5114,서울특별시 성동구청,2025-12-23
송정동536,1,서울특별시 성동구 송정동 17-7,서울특별시 성동구 송정동 118-3,37.5517877,127.0674743,2018,건축물,02-2286-5114,서울특별시 성동구청,2025-12-23
송정동537,1,서울특별시 성동구 송정동 28-6,서울특별시 성동구 송정동 71-4,37.5517913,127.0676273,2023,한전주,02-2286-5114,서울특별시 성동구청,2025-12-23
송정동538,1,서울특별시 성동구 송정동 134-21,서울특별시 성동구 송정동 6-10,37.5517524,127.0678549,2021,한전주,02-2286-5114,서울특별시 성동구청,2025-12-23
송정동539,1,서울특별시 성동구 송정동 122-12,서울특별시 성동구 송정동 108-15,37.5518839,127.0681496,2023,한전주,02-2286-5114,서울특별시 성동구청,2025-12-23
송정동540,1,서울특별시 성동구 송정동 6-28,서울특별시 성동구 송정동 60-27,37.5518319,127.0683417,2022,한전주,02-2286-5114,서울특별시 성동구청,2025-12-23
송정동541,1,서울특별시 성동구 송정동 84-16,서울특별시 성동구 송정동 136-27,37.5518319,127.068593,2022,전용주,02-2286-5114,서울특별시 성동구청,2025-12-23
송정동542,1,서울특별시 성동구 송정동 79-6,서울특별시 성동구 송정동 67-8,37.5518,127.0688079,2021,한전주,02-2286-5114,서울특별시 성동구청,2025-12-23
송정동543,1,서울특별시 성동구 송정동 38-12,서울특별시 성동구 송정동 73-15,37.5517883,127.0690375,2019,한전주,02-2286-5114,서울특별시 성동구청,2025-12-23
송정동544,1,서울특별시 성동구 송정동 74-6,서울특별시 성동구 송정동 45-27,37.5518277,127.0692492,2023,건축물,02-2286-5114,서울특별시 성동구청,2025-12-23
송정동545,1,서울특별시 성동구 송정동 52-6,서울특별시 성동구 송정동 98-10,37.552096,127.0670232,2022,한전주,02-2286-5114,서울특별시 성동구청,2025-12-23
송정동546,1,서울특별시 성동구 송정동 150-10,서울특별시 성동구 송정동 127-18,37.5520609,127.0672661,2023,전용주,02-2286-5114,서울특별시 성동구청,2025-12-23
송정동547,1,서울특별시 성동구 송정동 40-9,서울특별시 성동구 송정동 77-21,37.5520565,127.0673709,2024,한전주,02-2286-5114,서울특별시 성동구청,2025-12-23
송정동548,1,서울특별시 성동구 송정동 74-14,서울특별시 성동구 송정동 46-16,37.5520842,127.0676186,2023,건축물,02-2286-5114,서울특별시 성동구청,2025-12-23
송정동549,1,서울특별시 성동구 송정동 127-3,서울특별시 성동구 송정동 93-19,37.5520856,127.0678354,2021,전용주,02-2286-5114,서울특별시 성동구청,2025-12-23
송정동550,1,서울특별시 성동구 송정동 122-23,서울특별시 성동구 송정동 31-12,37.5520729,127.0682019,2022,건축물,02-2286-5114,서울특별시 성동구청,2025-12-23
송정동551,1,서울특별시 성동구 송정동 42-19,서울특별시 성동구 송정동 15-5,37.5520997,127.0682979,2020,전용주,02-2286-5114,서울특별시 성동구청,2025-12-23
송정동552,1,서울특별시 성동구 송정동 42-2,서울특별시 성동구 송정동 70-12,37.5520562,127.0686381,2021,전용주,02-2286-5114,서울특별시 성동구청,2025-12-23
송정동553,1,서울특별시 성동구 송정동 75-10,서울특별시 성동구 송정동 136-21,37.5520842,127.0689121,2018,한전주,02-2286-5114,서울특별시 성동구청,2025-12-23
송정동554,1,서울특별시 성동구 송정동 25-20,서울특별시 성동구 송정동 43-18,37.5520646,127.069114,2020,한전주,02-2286-5114,서울특별시 성동구청,2025-12-23
송정동555,1,서울특별시 성동구 송정동 78-9,서울특별시 성동구 송정동 93-4,37.552122,127.0693558,2022,건축물,02-2286-5114,서울특별시 성동구청,2025-12-23
송정동556,1,서울특별시 성동구 송정동 11-3,서울특별시 성동구 송정동 84-16,37.552358,127.0672472,2018,건축물,02-2286-5114,서울특별시 성동구청,2025-12-23
송정동557,1,서울특별시 성동구 송정동 80-22,서울특별시 성동구 송정동 114-8,37.5522976,127.0674397,2022,건축물,02-2286-5114,서울특별시 성동구청,2025-12-23
송정동558,1,서울특별시 성동구 송정동 49-28,서울특별시 성동구 송정동 18-29,37.5523012,127.0677563,2024,전용주,02-2286-5114,서울특별시 성동구청,2025-12-23
송정동559,1,서울특별시 성동구 송정동 46-1,서울특별시 성동구 송정동 126-22,37.5523644,127.0679811,2018,전용주,02-2286-5114,서울특별시 성동구청,2025-12-23
송정동560,1,서울특별시 성동구 송정동 22-4,서울특별시 성동구 송정동 37-13,37.5522994,127.0681466,2021,건축물,02-2286-5114,서울특별시 성동구청,2025-12-23
송정동561,1,서울특별시 성동구 송정동 44-3,서울특별시 성동구 송정동 94-7,37.5523472,127.0684515,2020,건축물,02-2286-5114,서울특별시 성동구청,2025-12-23
송정동562,1,서울특별시 성동구 송정동 32-8,서울특별시 성동구 송정동 109-24,37.5522681,127.0686622,2021,전용주,02-2286-5114,서울특별시 성동구청,2025-12-23
송정동563,1,서울특별시 성동구 송정동 70-25,서울특별시 성동구 송정동 103-12,37.5522806,127.0688734,2021,건축물,02-2286-5114,서울특별시 성동구청,2025-12-23
송정동564,1,서울특별시 성동구 송정동 128-21,서울특별시 성동구 송정동 20-27,37.5525376,127.0672896,2024,한전주,02-2286-5114,서울특별시 성동구청,2025-12-23
송정동565,1,서울특별시 성동구 송정동 77-19,서울특별시 성동구 송정동 103-26,37.5525754,127.0674126,2019,한전주,02-2286-5114,서울특별시 성동구청,2025-12-23
송정동566,1,서울특별시 성동구 송정동 149-4,서울특별시 성동구 송정동 87-9,37.5525896,127.067752,2018,건축물,02-2286-5114,서울특별시 성동구청,2025-12-23
송정동567,1,서울특별시 성동구 송정동 54-12,서울특별시 성동구 송정동 20-21,37.5525803,127.0679158,2024,전용주,02-2286-5114,서울특별시 성동구청,2025-12-23
송정동568,1,서울특별시 성동구 송정동 139-11,서울특별시 성동구 송정동 52-14,37.5525379,127.0681916,2021,전용주,02-2286-5114,서울특별시 성동구청,2025-12-23
송정동569,1,서울특별시 성동구 송정동 141-6,서울특별시 성동구 송정동 5-21,37.5525298,127.0683775,2023,건축물,02-2286-5114,서울특별시 성동구청,2025-12-23
송정동570,1,서울특별시 성동구 송정동 61-28,서울특별시 성동구 송정동 114-13,37.5528878,127.0674762,2018,건축물,02-2286-5114,서울특별시 성동구청,2025-12-23
송정동571,1,서울특별시 성동구 송정동 78-3,서울특별시 성동구 송정동 61-10,37.5528888,127.0676616,2019,전용주,02-2286-5114,서울특별시 성동구청,2025-12-23
송정동572,1,서울특별시 성동구 송정동 82-29,서울특별시 성동구 송정동 105-26,37.5528808,127.0678565,2018,전용주,02-2286-5114,서울특별시 성동구청,2025-12-23
송정동573,1,서울특별시 성동구 송정동 121-24,서울특별시 성동구 송정동 106-30,37.5527871,127.0680757,2024,전용주,02-2286-5114,서울특별시 성동구청,2025-12-23
송정동574,1,서울특별시 성동구 송정동 42-23,서울특별시 성동구 송정동 67-17,37.5527965,127.0683626,2018,한전주,02-2286-5114,서울특별시 성동구청,2025-12-23
송정동575,1,서울특별시 성동구 송정동 8-25,서울특별시 성동구 송정동 14-21,37.5528734,127.0688773,2023,전용주,02-2286-5114,서울특별시 성동구청,2025-12-23
송정동576,1,서울특별시 성동구 송정동 12-5,서울특별시 성동구 송정동 128-28,37.5530662,127.0676404,2024,전용주,02-2286-5114,서울특별시 성동구청,2025-12-23
송정동577,1,서울특별시 성동구 송정동 73-29,서울특별시 성동구 송정동 68-20,37.5530419,127.0678885,2024,전용주,02-2286-5114,서울특별시 성동구청,2025-12-23
송정동578,1,서울특별시 성동구 송정동 112-29,서울특별시 성동구 송정동 43-11,37.5531187,127.0681051,2023,전용주,02-2286-5114,서울특별시 성동구청,2025-12-23
송정동579,1,서울특별시 성동구 송정동 143-28,서울특별시 성동구 송정동 113-2,37.553156,127.0684172,2019,한전주,02-2286-5114,서울특별시 성동구청,2025-12-23
송정동580,1,서울특별시 성동구 송정동 121-9,서울특별시 성동구 송정동 42-23,37.5530207,127.0685639,2021,한전주,02-2286-5114,서울특별시 성동구청,2025-12-23
송정동581,1,서울특별시 성동구 송정동 11-15,서울특별시 성동구 송정동 92-23,37.5530667,127.0689185,2022,전용주,02-2286-5114,서울특별시 성동구청,2025-12-23
송정동582,1,서울특별시 성동구 송정동 38-4,서울특별시 성동구 송정동 90-3,37.5530745,127.0690703,2019,건축물,02-2286-5114,서울특별시 성동구청,2025-12-23
송정동583,1,서울특별시 성동구 송정동 5-4,서울특별시 성동구 송정동 119-6,37.5532913,127.0676118,2024,건축물,02-2286-5114,서울특별시 성동구청,2025-12-23
송정동584,1,서울특별시 성동구 송정동 107-29,서울특별시 성동구 송정동 77-11,37.5532797,127.0678937,2022,한전주,02-2286-5114,서울특별시 성동구청,2025-12-23
송정동585,1,서울특별시 성동구 송정동 68-11,서울특별시 성동구 송정동 48-7,37.5533664,127.0681841,2019,전용주,02-2286-5114,서울특별시 성동구청,2025-12-23
송정동586,1,서울특별시 성동구 송정동 28-14,서울특별시 성동구 송정동 137-1,37.553263,127.0684522,2018,전용주,02-2286-5114,서울특별시 성동구청,2025-12-23
송정동587,1,서울특별시 성동구 송정동 123-15,서울특별시 성동구 송정동 104-28,37.5533137,127.0685293,2023,건축물,02-2286-5114,서울특별시 성동구청,2025-12-23
송정동588,1,서울특별시 성동구 송정동 78-20,서울특별시 성동구 송정동 93-23,37.553405,127.0688556,2023,전용주,02-2286-5114,서울특별시 성동구청,2025-12-23
송정동589,1,서울특별시 성동구 송정동 38-21,서울특별시 성동구 송정동 62-14,37.5532806,127.0699241,2024,전용주,02-2286-5114,서울특별시 성동구청,2025-12-23
송정동590,1,서울특별시 성동구 송정동 13-30,서울특별시 성동구 송정동 113-26,37.5535866,127.0679379,2021,건축물,02-2286-5114,서울특별시 성동구청,2025-12-23
송정동591,1,서울특별시 성동구 송정동 27-27,서울특별시 성동구 송정동 144-2,37.5536582,127.0681839,2022,한전주,02-2286-5114,서울특별시 성동구청,2025-12-23
송정동592,1,서울특별시 성동구 송정동 93-6,서울특별시 성동구 송정동 75-23,37.553521,127.0683958,2021,한전주,02-2286-5114,서울특별시 성동구청,2025-12-23
송정동593,1,서울특별시 성동구 송정동 40-21,서울특별시 성동구 송정동 94-11,37.5536261,127.0686069,2024,한전주,02-2286-5114,서울특별시 성동구청,2025-12-23
송정동594,1,서울특별시 성동구 송정동 107-25,서울특별시 성동구 송정동 2-8,37.5535262,127.0688951,2024,전용주,02-2286-5114,서울특별시 성동구청,2025-12-23
송정동595,1,서울특별시 성동구 송정동 59-5,서울특별시 성동구 송정동 110-14,37.5535284,127.0700404,2021,전용주,02-2286-5114,서울특별시 성동구청,2025-12-23
송정동596,1,서울특별시 성동구 송정동 95-22,서울특별시 성동구 송정동 135-13,37.5537786,127.0680973,2022,한전주,02-2286-5114,서울특별시 성동구청,2025-12-23
송정동597,1,서울특별시 성동구 송정동 150-16,서울특별시 성동구 송정동 109-15,37.5538472,127.0684197,2023,전용주,02-2286-5114,서울특별시 성동구청,2025-12-23
송정동598,1,서울특별시 성동구 송정동 42-5,서울특별시 성동구 송정동 130-5,37.5539067,127.0686055,2021,전용주,02-2286-5114,서울특별시 성동구청,2025-12-23
송정동599,1,서울특별시 성동구 송정동 132-28,서울특별시 성동구 송정동 136-4,37.5538716,127.06878,2023,건축물,02-2286-5114,서울특별시 성동구청,2025-12-23
송정동600,1,서울특별시 성동구 송정동 134-5,서울특별시 성동구 송정동 31-12,37.5537771,127.0700113,2020,한전주,02-2286-5114,서울특별시 성동구청,2025-12-23
송정동601,1,서울특별시 성동구 송정동 8-26,서울특별시 성동구 송정동 37-5,37.5539163,127.0702005,2024,전용주,02-2286-5114,서울특별시 성동구청,2025-12-23
송정동602,1,서울특별시 성동구 송정동 73-7,서울특별시 성동구 송정동 47-27,37.5538521,127.0703919,2023,전용주,02-2286-5114,서울특별시 성동구청,2025-12-23
송정동603,1,서울특별시 성동구 송정동 143-21,서울특별시 성동구 송정동 33-10,37.5541656,127.0684031,2022,한전주,02-2286-5114,서울특별시 성동구청,2025-12-23
송정동604,1,서울특별시 성동구 송정동 129-7,서울특별시 성동구 송정동 37-12,37.5540765,127.0685406,2022,건축물,02-2286-5114,서울특별시 성동구청,2025-12-23
송정동605,1,서울특별시 성동구 송정동 109-30,서울특별시 성동구 송정동 143-15,37.554169,127.0688844,2018,건축물,02-2286-5114,서울특별시 성동구청,2025-12-23
송정동606,1,서울특별시 성동구 송정동 90-27,서울특별시 성동구 송정동 55-19,37.5541071,127.0700542,2024,전용주,02-2286-5114,서울특별시 성동구청,2025-12-23
송정동607,1,서울특별시 성동구 송정동 137-19,서울특별시 성동구 송정동 18-10,37.5540931,127.0701592,2018,건축물,02-2286-5114,서울특별시 성동구청,2025-12-23
송정동608,1,서울특별시 성동구 송정동 143-9,서울특별시 성동구 송정동 111-7,37.5540746,127.0704038,2022,한전주,02-2286-5114,서울특별시 성동구청,2025-12-23
송정동609,1,서울특별시 성동구 송정동 21-29,서울특별시 성동구 송정동 147-26,37.5543156,127.0685899,2018,전용주,02-2286-5114,서울특별시 성동구청,2025-12-23
송정동610,1,서울특별시 성동구 송정동 109-3,서울특별시 성동구 송정동 64-7,37.5544235,127.0687954,2019,건축물,02-2286-5114,서울특별시 성동구청,2025-12-23
송정동611,1,서울특별시 성동구 송정동 25-1,서울특별시 성동구 송정동 123-14,37.5543177,127.0690014,2024,건축물,02-2286-5114,서울특별시 성동구청,2025-12-23
송정동612,1,서울특별시 성동구 송정동 134-26,서울특별시 성동구 송정동 61-3,37.5544184,127.070053,2024,전용주,02-2286-5114,서울특별시 성동구청,2025-12-23
송정동613,1,서울특별시 성동구 송정동 115-19,서울특별시 성동구 송정동 32-3,37.554361,127.0702221,2018,한전주,02-2286-5114,서울특별시 성동구청,2025-12-23
송정동614,1,서울특별시 성동구 송정동 17-26,서울특별시 성동구 송정동 33-2,37.5544117,127.0704445,2024,건축물,02-2286-5114,서울특별시 성동구청,2025-12-23
송정동615,1,서울특별시 성동구 송정동 111-3,서울특별시 성동구 송정동 27-22,37.5543357,127.0706644,2018,건축물,02-2286-5114,서울특별시 성동구청,2025-12-23
송정동616,1,서울특별시 성동구 송정동 6-27,서울특별시 성동구 송정동 36-13,37.5545221,127.068662,2023,한전주,02-2286-5114,서울특별시 성동구청,2025-12-23
송정동617,1,서울특별시 성동구 송정동 79-15,서울특별시 성동구 송정동 62-12,37.5546446,127.068777,2024,한전주,02-2286-5114,서울특별시 성동구청,2025-12-23
송정동618,1,서울특별시 성동구 송정동 112-29,서울특별시 성동구 송정동 17-4,37.5545782,127.0690188,2019,건축물,02-2286-5114,서울특별시 성동구청,2025-12-23
송정동619,1,서울특별시 성동구 송정동 50-18,서울특별시 성동구 송정동 97-23,37.5546599,127.0692444,2020,한전주,02-2286-5114,서울특별시 성동구청,2025-12-23
송정동620,1,서울특별시 성동구 송정동 63-30,서울특별시 성동구 송정동 12-25,37.5545695,127.0695243,2022,건축물,02-2286-5114,서울특별시 성동구청,2025-12-23
송정동621,1,서울특별시 성동구 송정동 39-11,서울특별시 성동구 송정동 64-2,37.5546126,127.0698244,2023,전용주,02-2286-5114,서울특별시 성동구청,2025-12-23
송정동622,1,서울특별시 성동구 송정동 150-29,서울특별시 성동구 송정동 126-7,37.5546459,127.0700595,2023,건축물,02-2286-5114,서울특별시 성동구청,2025-12-23
송정동623,1,서울특별시 성동구 송정동 17-6,서울특별시 성동구 송정동 131-13,37.5545317,127.0702273,2024,건축물,02-2286-5114,서울특별시 성동구청,2025-12-23
송정동624,1,서울특별시 성동구 송정동 128-17,서울특별시 성동구 송정동 119-6,37.5546598,127.0705043,2020,전용주,02-2286-5114,서울특별시 성동구청,2025-12-23
송정동625,1,서울특별시 성동구 송정동 127-16,서울특별시 성동구 송정동 69-19,37.5546326,127.0707003,2021,전용주,02-2286-5114,서울특별시 성동구청,2025-12-23
송정동626,1,서울특별시 성동구 송정동 101-13,서울특별시 성동구 송정동 53-13,37.5549001,127.0689055,2018,건축물,02-2286-5114,서울특별시 성동구청,2025-12-23
송정동627,1,서울특별시 성동구 송정동 85-19,서울특별시 성동구 송정동 116-21,37.5548578,127.0690215,2020,한전주,02-2286-5114,서울특별시 성동구청,2025-12-23
송정동628,1,서울특별시 성동구 송정동 46-2,서울특별시 성동구 송정동 126-1,37.5547872,127.0692402,2019,건축물,02-2286-5114,서울특별시 성동구청,2025-12-23
송정동629,1,서울특별시 성동구 송정동 73-7,서울특별시 성동구 송정동 60-10,37.5548041,127.0696014,2023,전용주,02-2286-5114,서울특별시 성동구청,2025-12-23
송정동630,1,서울특별시 성동구 송정동 133-1,서울특별시 성동구 송정동 44-11,37.5548562,127.0697605,2024,전용주,02-2286-5114,서울특별시 성동구청,2025-12-23
송정동631,1,서울특별시 성동구 송정동 34-18,서울특별시 성동구 송정동 108-16,37.5549178,127.0699824,2023,한전주,02-2286-5114,서울특별시 성동구청,2025-12-23
송정동632,1,서울특별시 성동구 송정동 34-28,서울특별시 성동구 송정동 53-10,37.5547833,127.0703048,2021,한전주,02-2286-5114,서울특별시 성동구청,2025-12-23
송정동633,1,서울특별시 성동구 송정동 148-10,서울특별시 성동구 송정동 52-17,37.5549031,127.0704904,2023,한전주,02-2286-5114,서울특별시 성동구청,2025-12-23
송정동634,1,서울특별시 성동구 송정동 37-15,서울특별시 성동구 송정동 17-27,37.5548818,127.0706603,2021,한전주,02-2286-5114,서울특별시 성동구청,2025-12-23
송정동635,1,서울특별시 성동구 송정동 146-29,서울특별시 성동구 송정동 126-15,37.5548691,127.0708878,2021,전용주,02-2286-5114,서울특별시 성동구청,2025-12-23
송정동636,1,서울특별시 성동구 송정동 84-11,서울특별시 성동구 송정동 144-21,37.5550526,127.0690579,2019,한전주,02-2286-5114,서울특별시 성동구청,2025-12-23
송정동637,1,서울특별시 성동구 송정동 110-4,서울특별시 성동구 송정동 60-7,37.5551258,127.069373,2018,전용주,02-2286-5114,서울특별시 성동구청,2025-12-23
송정동638,1,서울특별시 성동구 송정동 81-1,서울특별시 성동구 송정동 100-7,37.555083,127.0694834,2021,전용주,02-2286-5114,서울특별시 성동구청,2025-12-23
송정동639,1,서울특별시 성동구 송정동 95-2,서울특별시 성동구 송정동 18-29,37.5550611,127.069793,2019,전용주,02-2286-5114,서울특별시 성동구청,2025-12-23
송정동640,1,서울특별시 성동구 송정동 27-23,서울특별시 성동구 송정동 138-26,37.5550917,127.0700427,2024,전용주,02-2286-5114,서울특별시 성동구청,2025-12-23
송정동641,1,서울특별시 성동구 송정동 84-21,서울특별시 성동구 송정동 100-22,37.555117,127.0701923,2024,한전주,02-2286-5114,서울특별시 성동구청,2025-12-23
송정동642,1,서울특별시 성동구 송정동 82-28,서울특별시 성동구 송정동 124-3,37.5551369,127.0704372,2020,건축물,02-2286-5114,서울특별시 성동구청,2025-12-23
송정동643,1,서울특별시 성동구 송정동 98-17,서울특별시 성동구 송정동 60-17,37.5550287,127.0707621,2022,전용주,02-2286-5114,서울특별시 성동구청,2025-12-23
송정동644,1,서울특별시 성동구 송정동 32-10,서울특별시 성동구 송정동 61-24,37.5551386,127.0708504,2021,한전주,02-2286-5114,서울특별시 성동구청,2025-12-23
송정동645,1,서울특별시 성동구 송정동 90-17,서울특별시 성동구 송정동 126-21,37.5553204,127.0693696,2023,건축물,02-2286-5114,서울특별시 성동구청,2025-12-23
송정동646,1,서울특별시 성동구 송정동 109-24,서울특별시 성동구 송정동 64-8,37.5553384,127.0694649,2021,전용주,02-2286-5114,서울특별시 성동구청,2025-12-23
송정동647,1,서울특별시 성동구 송정동 8-23,서울특별시 성동구 송정동 38-9,37.555285,127.0698178,2022,건축물,02-2286-5114,서울특별시 성동구청,2025-12-23
송정동648,1,서울특별시 성동구 송정동 64-20,서울특별시 성동구 송정동 149-22,37.5553524,127.0700288,2024,전용주,02-2286-5114,서울특별시 성동구청,2025-12-23
송정동649,1,서울특별시 성동구 송정동 99-13,서울특별시 성동구 송정동 21-17,37.5553054,127.0701706,2019,한전주,02-2286-5114,서울특별시 성동구청,2025-12-23
송정동650,1,서울특별시 성동구 송정동 137-22,서울특별시 성동구 송정동 98-19,37.5553478,127.0707269,2020,건축물,02-2286-5114,서울특별시 성동구청,2025-12-23
송정동651,1,서울특별시 성동구 송정동 147-25,서울특별시 성동구 송정동 89-27,37.5554274,127.0712195,2019,한전주,02-2286-5114,서울특별시 성동구청,2025-12-23
송정동652,1,서울특별시 성동구 송정동 130-2,서울특별시 성동구 송정동 33-16,37.5556723,127.0695958,2024,건축물,02-2286-5114,서울특별시 성동구청,2025-12-23
송정동653,1,서울특별시 성동구 송정동 120-6,서울특별시 성동구 송정동 115-4,37.5555471,127.0698209,2021,건축물,02-2286-5114,서울특별시 성동구청,2025-12-23
송정동654,1,서울특별시 성동구 송정동 32-22,서울특별시 성동구 송정동 35-30,37.5555684,127.0713538,2022,전용주,02-2286-5114,서울특별시 성동구청,2025-12-23
송정동655,1,서울특별시 성동구 송정동 3-12,서울특별시 성동구 송정동 148-4,37.5558203,127.0698164,2023,한전주,02-2286-5114,서울특별시 성동구청,2025-12-23
송정동656,1,서울특별시 성동구 송정동 110-22,서울특별시 성동구 송정동 44-30,37.5559125,127.0700572,2018,전용주,02-2286-5114,서울특별시 성동구청,2025-12-23
송정동657,1,서울특별시 성동구 송정동 145-22,서울특별시 성동구 송정동 131-20,37.5561519,127.0699507,2019,전용주,02-2286-5114,서울특별시 성동구청,2025-12-23
송정동658,1,서울특별시 성동구 송정동 98-1,서울특별시 성동구 송정동 64-3,37.5561076,127.0701765,2020,전용주,02-2286-5114,서울특별시 성동구청,2025-12-23
송정동659,1,서울특별시 성동구 송정동 97-4,서울특별시 성동구 송정동 32-6,37.556042,127.071605,2022,한전주,02-2286-5114,서울특별시 성동구청,2025-12-23
송정동660,1,서울특별시 성동구 송정동 132-27,서울특별시 성동구 송정동 10-30,37.5563428,127.0703013,2021,건축물,02-2286-5114,서울특별시 성동구청,2025-12-23
송정동661,1,서울특별시 성동구 송정동 26-14,서울특별시 성동구 송정동 126-7,37.5564096,127.0713769,2018,한전주,02-2286-5114,서울특별시 성동구청,2025-12-23
송정동662,1,서울특별시 성동구 송정동 32-30,서울특별시 성동구 송정동 125-1,37.5563787,127.0716884,2019,전용주,02-2286-5114,서울특별시 성동구청,2025-12-23
송정동663,1,서울특별시 성동구 송정동 102-12,서울특별시 성동구 송정동 77-12,37.5564171,127.0718168,2021,전용주,02-2286-5114,서울특별시 성동구청,2025-12-23
송정동664,1,서울특별시 성동구 송정동 136-20,서울특별시 성동구 송정동 96-8,37.5566773,127.0705029,2023,건축물,02-2286-5114,서울특별시 성동구청,2025-12-23
송정동665,1,서울특별시 성동구 송정동 28-5,서울특별시 성동구 송정동 31-2,37.5565918,127.0707097,2022,한전주,02-2286-5114,서울특별시 성동구청,2025-12-23
송정동666,1,서울특별시 성동구 송정동 50-23,서울특별시 성동구 송정동 115-30,37.5567026,127.0709898,2018,한전주,02-2286-5114,서울특별시 성동구청,2025-12-23
송정동667,1,서울특별시 성동구 송정동 78-24,서울특별시 성동구 송정동 122-25,37.5565596,127.0711679,2019,전용주,02-2286-5114,서울특별시 성동구청,2025-12-23
송정동668,1,서울특별시 성동구 송정동 50-14,서울특별시 성동구 송정동 141-23,37.556633,127.0713371,2020,한전주,02-2286-5114,서울특별시 성동구청,2025-12-23
송정동669,1,서울특별시 성동구 송정동 89-29,서울특별시 성동구 송정동 94-15,37.5566903,127.0716661,2023,건축물,02-2286-5114,서울특별시 성동구청,2025-12-23
송정동670,1,서울특별시 성동구 송정동 124-14,서울특별시 성동구 송정동 135-30,37.5566624,127.0719225,2022,한전주,02-2286-5114,서울특별시 성동구청,2025-12-23
송정동671,1,서울특별시 성동구 송정동 4-25,서울특별시 성동구 송정동 12-5,37.5568172,127.0706776,2019,한전주,02-2286-5114,서울특별시 성동구청,2025-12-23
송정동672,1,서울특별시 성동구 송정동 4-26,서울특별시 성동구 송정동 3-26,37.5569245,127.0708911,2018,건축물,02-2286-5114,서울특별시 성동구청,2025-12-23
송정동673,1,서울특별시 성동구 송정동 22-7,서울특별시 성동구 송정동 36-16,37.5568881,127.0712113,2024,건축물,02-2286-5114,서울특별시 성동구청,2025-12-23
송정동674,1,서울특별시 성동구 송정동 79-11,서울특별시 성동구 송정동 123-5,37.5568913,127.0713836,2019,한전주,02-2286-5114,서울특별시 성동구청,2025-12-23
송정동675,1,서울특별시 성동구 송정동 140-4,서울특별시 성동구 송정동 6-27,37.5568102,127.0716554,2018,건축물,02-2286-5114,서울특별시 성동구청,2025-12-23
송정동676,1,서울특별시 성동구 송정동 107-5,서울특별시 성동구 송정동 1-30,37.5568177,127.0718242,2019,건축물,02-2286-5114,서울특별시 성동구청,2025-12-23
송정동677,1,서울특별시 성동구 송정동 39-25,서울특별시 성동구 송정동 47-16,37.5570672,127.0709394,2023,전용주,02-2286-5114,서울특별시 성동구청,2025-12-23
송정동678,1,서울특별시 성동구 송정동 121-14,서울특별시 성동구 송정동 87-15,37.5570773,127.0711648,2024,전용주,02-2286-5114,서울특별시 성동구청,2025-12-23
송정동679,1,서울특별시 성동구 송정동 40-2,서울특별시 성동구 송정동 9-20,37.5571581,127.0713146,2024,한전주,02-2286-5114,서울특별시 성동구청,2025-12-23
송정동680,1,서울특별시 성동구 송정동 109-22,서울특별시 성동구 송정동 117-18,37.5570827,127.0715703,2023,전용주,02-2286-5114,서울특별시 성동구청,2025-12-23
송정동681,1,서울특별시 성동구 송정동 79-23,서울특별시 성동구 송정동 59-14,37.5571876,127.0719238,2019,건축물,02-2286-5114,서울특별시 성동구청,2025-12-23
송정동682,1,서울특별시 성동구 송정동 33-24,서울특별시 성동구 송정동 55-13,37.5570984,127.0720236,2022,전용주,02-2286-5114,서울특별시 성동구청,2025-12-23
송정동683,1,서울특별시 성동구 송정동 103-14,서울특별시 성동구 송정동 34-15,37.5573867,127.0711386,2020,전용주,02-2286-5114,서울특별시 성동구청,2025-12-23
송정동684,1,서울특별시 성동구 송정동 96-3,서울특별시 성동구 송정동 106-17,37.5573905,127.0714125,2021,전용주,02-2286-5114,서울특별시 성동구청,2025-12-23
송정동685,1,서울특별시 성동구 송정동 11-20,서울특별시 성동구 송정동 15-24,37.5573506,127.0716847,2024,건축물,02-2286-5114,서울특별시 성동구청,2025-12-23
송정동686,1,서울특별시 성동구 송정동 40-28,서울특별시 성동구 송정동 27-10,37.5573477,127.0719082,2021,한전주,02-2286-5114,서울특별시 성동구청,2025-12-23
송정동687,1,서울특별시 성동구 송정동 58-13,서울특별시 성동구 송정동 119-22,37.5573338,127.0720728,2018,한전주,02-2286-5114,서울특별시 성동구청,2025-12-23
송정동688,1,서울특별시 성동구 송정동 120-4,서울특별시 성동구 송정동 22-6,37.5573644,127.0723159,2023,건축물,02-2286-5114,서울특별시 성동구청,2025-12-23
송정동689,1,서울특별시 성동구 송정동 112-21,서울특별시 성동구 송정동 73-23,37.5576319,127.0713581,2022,건축물,02-2286-5114,서울특별시 성동구청,2025-12-23
송정동690,1,서울특별시 성동구 송정동 23-26,서울특별시 성동구 송정동 27-3,37.5577122,127.0716896,2023,한전주,02-2286-5114,서울특별시 성동구청,2025-12-23
송정동691,1,서울특별시 성동구 송정동 128-24,서울특별시 성동구 송정동 140-4,37.5575648,127.071926,2023,한전주,02-2286-5114,서울특별시 성동구청,2025-12-23
송정동692,1,서울특별시 성동구 송정동 75-28,서울특별시 성동구 송정동 108-7,37.5576332,127.0721019,2019,한전주,02-2286-5114,서울특별시 성동구청,2025-12-23
송정동693,1,서울특별시 성동구 송정동 51-28,서울특별시 성동구 송정동 121-4,37.5576865,127.0723292,2020,한전주,02-2286-5114,서울특별시 성동구청,2025-12-23
송정동694,1,서울특별시 성동구 송정동 50-20,서울특별시 성동구 송정동 8-18,37.5578411,127.0716633,2018,한전주,02-2286-5114,서울특별시 성동구청,2025-12-23
송정동695,1,서울특별시 성동구 송정동 94-4,서울특별시 성동구 송정동 56-1,37.5578987,127.0718985,2020,한전주,02-2286-5114,서울특별시 성동구청,2025-12-23
송정동696,1,서울특별시 성동구 송정동 33-9,서울특별시 성동구 송정동 71-16,37.557838,127.0720222,2019,건축물,02-2286-5114,서울특별시 성동구청,2025-12-23
송정동697,1,서울특별시 성동구 송정동 76-15,서울특별시 성동구 송정동 127-14,37.5579683,127.0722968,2022,건축물,02-2286-5114,서울특별시 성동구청,2025-12-23
송정동698,1,서울특별시 성동구 송정동 45-7,서울특별시 성동구 송정동 72-13,37.5579672,127.0726207,2018,전용주,02-2286-5114,서울특별시 성동구청,2025-12-23
송정동699,1,서울특별시 성동구 송정동 13-10,서울특별시 성동구 송정동 20-9,37.558111,127.0719024,2020,한전주,02-2286-5114,서울특별시 성동구청,2025-12-23
송정동700,1,서울특별시 성동구 송정동 70-23,서울특별시 성동구 송정동 44-30,37.5581795,127.0721355,2019,전용주,02-2286-5114,서울특별시 성동구청,2025-12-23
송정동701,1,서울특별시 성동구 송정동 38-25,서울특별시 성동구 송정동 150-29,37.5581628,127.0722602,2024,전용주,02-2286-5114,서울특별시 성동구청,2025-12-23
송정동702,1,서울특별시 성동구 송정동 32-17,서울특별시 성동구 송정동 136-8,37.5582239,127.0725392,2022,전용주,02-2286-5114,서울특별시 성동구청,2025-12-23
송정동703,1,서울특별시 성동구 송정동 83-25,서울특별시 성동구 송정동 124-8,37.5581459,127.0727836,2018,전용주,02-2286-5114,서울특별시 성동구청,2025-12-23
송정동704,1,서울특별시 성동구 송정동 75-27,서울특별시 성동구 송정동 59-17,37.5583405,127.072372,2022,건축물,02-2286-5114,서울특별시 성동구청,2025-12-23
송정동705,1,서울특별시 성동구 송정동 26-10,서울특별시 성동구 송정동 86-15,37.5583498,127.0724966,2021,한전주,02-2286-5114,서울특별시 성동구청,2025-12-23
송정동706,1,서울특별시 성동구 송정동 125-9,서울특별시 성동구 송정동 94-15,37.5584406,127.0728636,2018,전용주,02-2286-5114,서울특별시 성동구청,2025-12-23
송정동707,1,서울특별시 성동구 송정동 8-30,서울특별시 성동구 송정동 144-1,37.5586513,127.0723948,2024,전용주,02-2286-5114,서울특별시 성동구청,2025-12-23
송정동708,1,서울특별시 성동구 송정동 78-26,서울특별시 성동구 송정동 63-19,37.558644,127.072594,2022,건축물,02-2286-5114,서울특별시 성동구청,2025-12-23
송정동709,1,서울특별시 성동구 송정동 76-2,서울특별시 성동구 송정동 101-5,37.5586364,127.0728046,2021,건축물,02-2286-5114,서울특별시 성동구청,2025-12-23
송정동710,1,서울특별시 성동구 송정동 118-27,서울특별시 성동구 송정동 14-3,37.5586839,127.0730114,2018,건축물,02-2286-5114,서울특별시 성동구청,2025-12-23
송정동711,1,서울특별시 성동구 송정동 122-11,서울특별시 성동구 송정동 60-25,37.5588674,127.0725795,2024,전용주,02-2286-5114,서울특별시 성동구청,2025-12-23
송정동712,1,서울특별시 성동구 송정동 45-24,서울특별시 성동구 송정동 99-25,37.5589771,127.0728325,2021,한전주,02-2286-5114,서울특별시 성동구청,2025-12-23
송정동713,1,서울특별시 성동구 송정동 30-2,서울특별시 성동구 송정동 19-15,37.5589779,127.0729472,2024,전용주,02-2286-5114,서울특별시 성동구청,2025-12-23
송정동714,1,서울특별시 성동구 송정동 36-4,서울특별시 성동구 송정동 113-4,37.559104,127.0728174,2022,건축물,02-2286-5114,서울특별시 성동구청,2025-12-23
송정동715,1,서울특별시 성동구 송정동 88-14,서울특별시 성동구 송정동 15-8,37.5592411,127.0729962,2019,한전주,02-2286-5114,서울특별시 성동구청,2025-12-23
송정동716,1,서울특별시 성동구 송정동 138-19,서울특별시 성동구 송정동 12-26,37.5590986,127.0731711,2018,전용주,02-2286-5114,서울특별시 성동구청,2025-12-23