route_id,label,gu,distance_m,cctv_count,street_light_count,cctv_coverage_pct,street_light_coverage_pct,has_police_station,nearest_police_distance_m,cctv_average_gap_m,street_light_average_gap_m,cctv_density_penalty,cctv_coverage_penalty,street_light_penalty,police_penalty,total_penalty,safety_score
1111011000_04,1,서울특별시 종로구,304.5,15,0,100.0,0.0,True,226.9,20.3,,0,0,45,0,45,78
1111011200_03,1,서울특별시 종로구,210.8,8,1,60.0,12.5,True,144.1,26.4,210.8,0,4,45,0,49,76
1111014900_01,1,서울특별시 종로구,482.5,30,0,90.0,0.0,False,,16.1,,0,0,45,20,65,68
1111016800_04,1,서울특별시 종로구,133.3,15,0,100.0,0.0,False,433.5,8.9,,0,0,45,20,65,68
1111016900_01,1,서울특별시 종로구,247.9,13,0,80.0,0.0,True,162.7,19.1,,0,0,45,0,45,78
1111017300_03,1,서울특별시 종로구,387.5,21,0,62.5,0.0,False,425.8,18.5,,0,4,45,20,69,66
1111017300_07,1,서울특별시 종로구,506.2,34,0,100.0,0.0,True,188.4,14.9,,0,0,45,0,45,78
1111017400_02,1,서울특별시 종로구,206.1,12,0,100.0,0.0,True,167.7,17.2,,0,0,45,0,45,78
1111017400_06,1,서울특별시 종로구,395.1,12,0,75.0,0.0,True,119.7,32.9,,0,4,45,0,49,76
1111017400_08,1,서울특별시 종로구,278.6,16,0,83.3,0.0,True,274.9,17.4,,0,0,45,0,45,78
1111017400_09,1,서울특별시 종로구,354.3,14,0,87.5,0.0,True,204.6,25.3,,0,0,45,0,45,78
1111017500_05,1,서울특별시 종로구,265.6,25,0,100.0,0.0,True,217.5,10.6,,0,0,45,0,45,78
1111018100_02,1,서울특별시 종로구,1980.4,46,1,100.0,1.5,True,95.2,43.1,1980.4,0,0,45,0,45,78
1111018200_06,1,서울특별시 종로구,328.5,6,0,57.1,0.0,False,,54.7,,5,8,45,20,78,61
1111018600_05,1,서울특별시 종로구,335.2,16,0,85.7,0.0,False,353.7,20.9,,0,0,45,20,65,68
1114012200_03,1,서울특별시 중구,282.4,21,0,100.0,0.0,False,384.5,13.4,,0,0,45,20,65,68
1114012800_04,1,서울특별시 중구,375.8,26,0,62.5,0.0,False,343.0,14.5,,0,4,45,20,69,66
1114013800_01,1,서울특별시 중구,576.3,32,0,58.3,0.0,True,152.5,18.0,,0,8,45,0,53,74
1114014400_02,1,서울특별시 중구,498.8,31,0,100.0,0.0,True,166.2,16.1,,0,0,45,0,45,78
1114016200_03,1,서울특별시 중구,290.1,17,0,100.0,0.0,True,108.8,17.1,,0,0,45,0,45,78
1114016200_04,1,서울특별시 중구,517.2,35,0,81.8,0.0,True,294.4,14.8,,0,0,45,0,45,78
1114016200_05,1,서울특별시 중구,274.7,25,0,83.3,0.0,False,447.7,11.0,,0,0,45,20,65,68
1114016200_06,1,서울특별시 중구,576.4,24,0,100.0,0.0,False,387.9,24.0,,0,0,45,20,65,68
1114016200_07,1,서울특별시 중구,430.3,48,0,100.0,0.0,True,227.7,9.0,,0,0,45,0,45,78
1114016500_08,1,서울특별시 중구,218.9,7,0,60.0,0.0,False,,31.3,,0,4,45,20,69,66
1114017100_05,1,서울특별시 중구,186.8,14,0,75.0,0.0,True,257.2,13.3,,0,4,45,0,49,76
1114017100_06,1,서울특별시 중구,399.3,38,0,100.0,0.0,True,88.0,10.5,,0,0,45,0,45,78
1114017100_07,1,서울특별시 중구,191.7,10,0,100.0,0.0,True,182.1,19.2,,0,0,45,0,45,78
1117010100_03,1,서울특별시 용산구,446.1,62,0,100.0,0.0,True,58.7,7.2,,0,0,45,0,45,78
1117010200_04,1,서울특별시 용산구,283.6,42,0,83.3,0.0,False,704.6,6.8,,0,0,45,20,65,68
1117010500_05,1,서울특별시 용산구,302.8,36,0,100.0,0.0,False,555.4,8.4,,0,0,45,20,65,68
1117011000_01,1,서울특별시 용산구,408.5,49,0,100.0,0.0,False,,8.3,,0,0,45,20,65,68
1117011100_02,1,서울특별시 용산구,363.6,41,0,87.5,0.0,False,,8.9,,0,0,45,20,65,68
1117012400_16,1,서울특별시 용산구,293.1,23,0,66.7,0.0,True,167.2,12.7,,0,4,45,0,49,76
1117012500_17,1,서울특별시 용산구,272.1,23,0,50.0,0.0,False,425.8,11.8,,0,8,45,20,73,64
1117012900_14,1,서울특별시 용산구,742.9,110,0,66.7,0.0,False,,6.8,,0,4,45,20,69,66
1117012900_18,1,서울특별시 용산구,248.4,32,0,80.0,0.0,False,405.1,7.8,,0,0,45,20,65,68
1117013000_06,1,서울특별시 용산구,318.8,44,0,100.0,0.0,False,316.9,7.2,,0,0,45,20,65,68
1117013100_07,1,서울특별시 용산구,415.1,60,0,88.9,0.0,False,,6.9,,0,0,45,20,65,68
1117013100_08,1,서울특별시 용산구,513.6,57,0,81.8,0.0,False,534.2,9.0,,0,0,45,20,65,68
1117013100_09,1,서울특별시 용산구,450.9,49,0,60.0,0.0,True,138.3,9.2,,0,4,45,0,49,76
1117013200_12,1,서울특별시 용산구,199.1,40,0,100.0,0.0,False,507.4,5.0,,0,0,45,20,65,68
1117013600_10,1,서울특별시 용산구,377.6,69,0,100.0,0.0,True,181.4,5.5,,0,0,45,0,45,78
1117013600_11,1,서울특별시 용산구,264.7,40,0,100.0,0.0,False,359.1,6.6,,0,0,45,20,65,68
1117013600_13,1,서울특별시 용산구,267.5,17,0,83.3,0.0,True,54.9,15.7,,0,0,45,0,45,78
1120010200_08,1,서울특별시 성동구,434.0,41,0,100.0,0.0,False,366.7,10.6,,0,0,45,20,65,68
1120010200_09,1,서울특별시 성동구,460.2,49,0,100.0,0.0,False,389.7,9.4,,0,0,45,20,65,68
1120010600_16,1,서울특별시 성동구,189.6,19,0,75.0,0.0,False,510.3,10.0,,0,4,45,20,69,66
1120011400_03,1,서울특별시 성동구,478.6,35,0,90.0,0.0,False,,13.7,,0,0,45,20,65,68
1120012200_14,1,서울특별시 성동구,288.5,16,0,66.7,0.0,True,129.5,18.0,,0,4,45,0,49,76
1120012200_15,1,서울특별시 성동구,313.1,28,0,100.0,0.0,True,254.9,11.2,,0,0,45,0,45,78
1121510100_04,1,서울특별시 광진구,561.8,7,49,66.7,100.0,False,502.7,80.3,11.5,10,4,0,20,34,83
1121510100_05,1,서울특별시 광진구,212.2,3,16,80.0,100.0,True,238.5,70.7,13.3,5,0,0,0,5,98
1121510100_06,1,서울특별시 광진구,291.6,3,24,83.3,90.0,True,229.9,97.2,12.1,10,0,0,0,10,95
1121510100_07,1,서울특별시 광진구,226.7,5,23,100.0,100.0,True,249.0,45.3,9.9,0,0,0,0,0,100
1121510100_08,1,서울특별시 광진구,386.0,5,32,75.0,100.0,False,,77.2,12.1,10,4,0,20,34,83
1121510300_02,1,서울특별시 광진구,381.3,9,38,87.5,100.0,False,517.0,42.4,10.0,0,0,0,20,20,90
1121510300_03,1,서울특별시 광진구,414.9,8,25,66.7,92.9,False,516.8,51.9,16.6,5,4,0,20,29,86
1121510500_09,1,서울특별시 광진구,296.6,9,21,83.3,100.0,False,,33.0,14.1,0,0,0,20,20,90
1121510500_10,1,서울특별시 광진구,390.3,7,30,75.0,100.0,True,121.5,55.8,13.0,5,4,0,0,9,96
1121510500_11,1,서울특별시 광진구,374.2,6,33,87.5,100.0,True,215.4,62.4,11.3,5,0,0,0,5,98
1121510500_12,1,서울특별시 광진구,263.0,6,27,83.3,100.0,False,363.8,43.8,9.7,0,0,0,20,20,90
1121510700_01,1,서울특별시 광진구,288.9,7,25,100.0,100.0,False,481.9,41.3,11.6,0,0,0,20,20,90
1123010200_04,1,서울특별시 동대문구,476.3,22,0,100.0,0.0,False,366.2,21.6,,0,0,45,20,65,68
1123010300_24,1,서울특별시 동대문구,363.8,5,0,37.5,0.0,False,,72.8,,5,12,45,20,82,59
1123010400_10,1,서울특별시 동대문구,489.7,25,0,80.0,0.0,True,221.0,19.6,,0,0,45,0,45,78
1123010400_12,1,서울특별시 동대문구,543.3,57,0,100.0,0.0,False,,9.5,,0,0,45,20,65,68
1123010500_01,1,서울특별시 동대문구,483.7,26,0,60.0,0.0,True,145.9,18.6,,0,4,45,0,49,76
1123010600_14,1,서울특별시 동대문구,689.7,32,0,78.6,0.0,True,142.2,21.6,,0,4,45,0,49,76
1123010600_16,1,서울특별시 동대문구,684.5,19,0,64.3,0.0,False,385.2,36.0,,0,4,45,20,69,66
1123010700_23,1,서울특별시 동대문구,353.8,13,0,37.5,0.0,False,483.5,27.2,,0,12,45,20,77,62
1123010800_06,1,서울특별시 동대문구,311.5,23,0,100.0,0.0,True,168.7,13.5,,0,0,45,0,45,78
1123010900_20,1,서울특별시 동대문구,551.3,34,0,83.3,0.0,False,,16.2,,0,0,45,20,65,68
1123011000_18,1,서울특별시 동대문구,627.1,20,0,92.3,0.0,False,,31.4,,0,0,45,20,65,68
1126010100_03,1,서울특별시 중랑구,224.2,22,0,100.0,0.0,False,,10.2,,0,0,45,20,65,68
1126010100_04,1,서울특별시 중랑구,261.1,22,0,100.0,0.0,True,272.8,11.9,,0,0,45,0,45,78
1126010100_05,1,서울특별시 중랑구,288.2,22,0,100.0,0.0,False,430.4,13.1,,0,0,45,20,65,68
1126010100_07,1,서울특별시 중랑구,167.0,15,0,100.0,0.0,True,264.2,11.1,,0,0,45,0,45,78
1126010100_08,1,서울특별시 중랑구,442.3,25,0,100.0,0.0,False,379.0,17.7,,0,0,45,20,65,68
1126010100_09,1,서울특별시 중랑구,453.7,24,0,100.0,0.0,True,246.1,18.9,,0,0,45,0,45,78
1126010100_12,1,서울특별시 중랑구,357.2,26,0,100.0,0.0,False,436.3,13.7,,0,0,45,20,65,68
1126010100_13,1,서울특별시 중랑구,330.5,18,0,85.7,0.0,False,398.2,18.4,,0,0,45,20,65,68
1126010100_14,1,서울특별시 중랑구,259.0,14,0,83.3,0.0,False,367.4,18.5,,0,0,45,20,65,68
1126010200_06,1,서울특별시 중랑구,370.5,23,0,100.0,0.0,False,,16.1,,0,0,45,20,65,68
1126010300_16,1,서울특별시 중랑구,323.6,13,0,71.4,0.0,False,437.0,24.9,,0,4,45,20,69,66
1126010300_21,1,서울특별시 중랑구,421.3,22,0,100.0,0.0,False,,19.1,,0,0,45,20,65,68
1126010400_19,1,서울특별시 중랑구,209.5,11,0,100.0,0.0,False,490.6,19.0,,0,0,45,20,65,68
1126010500_01,1,서울특별시 중랑구,477.8,33,0,100.0,0.0,True,186.3,14.5,,0,0,45,0,45,78
1126010500_02,1,서울특별시 중랑구,255.7,13,0,66.7,0.0,False,,19.7,,0,4,45,20,69,66
1126010600_10,1,서울특별시 중랑구,300.1,6,0,57.1,0.0,False,,50.0,,5,8,45,20,78,61
1129010100_14,1,서울특별시 성북구,347.1,16,0,100.0,0.0,False,577.0,21.7,,0,0,45,20,65,68
1129010200_13,1,서울특별시 성북구,197.3,15,0,75.0,0.0,False,356.2,13.2,,0,4,45,20,69,66
1129010400_03,1,서울특별시 성북구,252.8,13,0,83.3,0.0,False,563.0,19.4,,0,0,45,20,65,68
1129011100_04,1,서울특별시 성북구,302.5,22,0,85.7,0.0,False,492.3,13.8,,0,0,45,20,65,68
1129011500_05,1,서울특별시 성북구,228.2,14,0,100.0,0.0,True,205.1,16.3,,0,0,45,0,45,78
1129011700_01,1,서울특별시 성북구,198.0,10,0,75.0,0.0,False,380.8,19.8,,0,4,45,20,69,66
1129011900_02,1,서울특별시 성북구,270.1,17,0,100.0,0.0,False,583.0,15.9,,0,0,45,20,65,68
1129013300_07,1,서울특별시 성북구,435.0,24,2,88.9,0.0,False,357.1,18.1,217.5,0,0,45,20,65,68
1129013300_08,1,서울특별시 성북구,194.6,7,2,50.0,0.0,False,,27.8,97.3,0,8,45,20,73,64
1129013300_09,1,서울특별시 성북구,299.8,16,0,100.0,0.0,False,529.6,18.7,,0,0,45,20,65,68
1129013300_10,1,서울특별시 성북구,326.5,28,0,100.0,0.0,False,524.8,11.7,,0,0,45,20,65,68
1129013300_11,1,서울특별시 성북구,356.6,23,2,100.0,0.0,True,214.5,15.5,178.3,0,0,45,0,45,78
1129013300_12,1,서울특별시 성북구,361.4,27,0,75.0,0.0,True,217.4,13.4,,0,4,45,0,49,76
1129013500_10,1,서울특별시 성북구,253.6,9,0,100.0,0.0,False,,28.2,,0,0,45,20,65,68
1129013500_11,1,서울특별시 성북구,210.9,7,1,80.0,0.0,False,,30.1,210.9,0,0,45,20,65,68
1129013500_12,1,서울특별시 성북구,411.4,19,0,100.0,0.0,False,602.6,21.7,,0,0,45,20,65,68
1129013600_07,1,서울특별시 성북구,430.4,15,2,100.0,6.7,False,,28.7,215.2,0,0,45,20,65,68
1129013600_08,1,서울특별시 성북구,597.9,23,0,91.7,0.0,True,76.7,26.0,,0,0,45,0,45,78
1129013600_09,1,서울특별시 성북구,339.6,23,0,71.4,0.0,False,,14.8,,0,4,45,20,69,66
1129013800_04,1,서울특별시 성북구,469.4,29,1,90.0,0.0,True,183.8,16.2,469.4,0,0,45,0,45,78
1129013800_06,1,서울특별시 성북구,625.2,69,0,100.0,0.0,False,544.5,9.1,,0,0,45,20,65,68
1129013900_01,1,서울특별시 성북구,495.2,39,0,100.0,0.0,True,174.6,12.7,,0,0,45,0,45,78
1129013900_02,1,서울특별시 성북구,290.7,13,0,83.3,0.0,False,,22.4,,0,0,45,20,65,68
1129013900_03,1,서울특별시 성북구,245.6,13,3,80.0,0.0,True,268.4,18.9,81.9,0,0,45,0,45,78
1130510100_01,1,서울특별시 강북구,510.4,8,0,90.9,0.0,True,140.1,63.8,,5,0,45,0,50,75
1130510100_02,1,서울특별시 강북구,421.0,8,0,88.9,0.0,False,473.3,52.6,,5,0,45,20,70,65
1130510100_04,1,서울특별시 강북구,487.6,11,0,90.0,0.0,True,219.1,44.3,,0,0,45,0,45,78
1130510100_05,1,서울특별시 강북구,435.2,8,0,88.9,0.0,False,366.6,54.4,,5,0,45,20,70,65
1130510100_06,1,서울특별시 강북구,303.3,7,0,100.0,0.0,False,404.9,43.3,,0,0,45,20,65,68
1130510100_07,1,서울특별시 강북구,471.0,12,0,90.0,0.0,True,272.3,39.2,,0,0,45,0,45,78
1130510100_23,1,서울특별시 강북구,346.2,7,0,100.0,0.0,False,370.0,49.5,,0,0,45,20,65,68
1130510200_18,1,서울특별시 강북구,426.7,6,0,100.0,0.0,True,133.1,71.1,,5,0,45,0,50,75
1130510200_19,1,서울특별시 강북구,496.9,13,0,80.0,0.0,True,225.7,38.2,,0,0,45,0,45,78
1130510200_20,1,서울특별시 강북구,670.4,14,0,92.9,0.0,True,96.3,47.9,,0,0,45,0,45,78
1130510200_21,1,서울특별시 강북구,157.7,2,0,75.0,0.0,False,,78.8,,10,4,45,20,79,60
1130510300_03,1,서울특별시 강북구,511.4,9,0,90.9,0.0,True,266.5,56.8,,5,0,45,0,50,75
1130510300_08,1,서울특별시 강북구,508.5,8,0,81.8,0.0,True,208.8,63.6,,5,0,45,0,50,75
1130510300_09,1,서울특별시 강북구,507.3,11,0,100.0,0.0,True,205.9,46.1,,0,0,45,0,45,78
1130510300_10,1,서울특별시 강북구,354.3,8,0,75.0,0.0,False,,44.3,,0,4,45,20,69,66
1130510300_12,1,서울특별시 강북구,434.6,5,0,88.9,0.0,True,124.0,86.9,,10,0,45,0,55,72
1130510300_13,1,서울특별시 강북구,480.1,8,0,90.0,0.0,True,248.3,60.0,,5,0,45,0,50,75
1130510300_14,1,서울특별시 강북구,621.9,7,0,76.9,0.0,False,403.7,88.8,,10,4,45,20,79,60
1130510300_15,1,서울특별시 강북구,446.5,10,0,88.9,0.0,True,299.4,44.6,,0,0,45,0,45,78
1130510300_16,1,서울특별시 강북구,534.0,11,0,100.0,0.0,False,,48.5,,0,0,45,20,65,68
1130510300_17,1,서울특별시 강북구,575.1,10,0,83.3,0.0,False,352.3,57.5,,5,0,45,20,70,65
1130510400_11,1,서울특별시 강북구,420.3,5,0,77.8,0.0,False,,84.1,,10,4,45,20,79,60
1132010500_10,1,서울특별시 도봉구,172.0,4,15,100.0,100.0,True,190.2,43.0,11.5,0,0,0,0,0,100
1132010500_11,1,서울특별시 도봉구,307.4,4,27,85.7,100.0,False,,76.8,11.4,10,0,0,20,30,85
1132010500_12,1,서울특별시 도봉구,260.3,4,19,66.7,100.0,False,,65.1,13.7,5,4,0,20,29,86
1132010500_13,1,서울특별시 도봉구,463.5,10,42,80.0,100.0,False,427.6,46.3,11.0,0,0,0,20,20,90
1132010500_14,1,서울특별시 도봉구,259.9,4,20,100.0,88.9,False,410.6,65.0,13.0,5,0,0,20,25,88
1132010600_03,1,서울특별시 도봉구,190.8,5,13,100.0,100.0,True,250.2,38.2,14.7,0,0,0,0,0,100
1132010600_04,1,서울특별시 도봉구,384.9,8,20,75.0,100.0,False,442.2,48.1,19.2,0,4,0,20,24,88
1132010600_05,1,서울특별시 도봉구,193.2,5,12,100.0,100.0,False,,38.6,16.1,0,0,0,20,20,90
1132010600_06,1,서울특별시 도봉구,555.3,5,24,91.7,100.0,False,382.9,111.1,23.1,15,0,0,20,35,82
1132010700_01,1,서울특별시 도봉구,247.0,10,24,100.0,100.0,False,,24.7,10.3,0,0,0,20,20,90
1132010700_02,1,서울특별시 도봉구,270.6,5,26,100.0,100.0,True,297.6,54.1,10.4,5,0,0,0,5,98
1132010800_07,1,서울특별시 도봉구,181.1,5,14,100.0,100.0,True,235.1,36.2,12.9,0,0,0,0,0,100
1135010200_03,1,서울특별시 노원구,337.1,5,11,71.4,83.3,True,266.2,67.4,30.6,5,4,0,0,9,96
1135010200_04,1,서울특별시 노원구,288.2,11,29,100.0,100.0,True,85.1,26.2,9.9,0,0,0,0,0,100
1135010200_05,1,서울특별시 노원구,326.5,12,14,100.0,100.0,False,,27.2,23.3,0,0,0,20,20,90
1135010300_06,1,서울특별시 노원구,237.8,6,19,100.0,100.0,True,155.7,39.6,12.5,0,0,0,0,0,100
1135010300_07,1,서울특별시 노원구,203.2,8,17,100.0,100.0,True,182.4,25.4,12.0,0,0,0,0,0,100
1135010300_08,1,서울특별시 노원구,347.5,12,23,85.7,100.0,False,442.5,29.0,15.1,0,0,0,20,20,90
1135010400_01,1,서울특별시 노원구,224.9,6,30,80.0,100.0,False,,37.5,7.5,0,0,0,20,20,90
1135010400_02,1,서울특별시 노원구,132.1,3,8,100.0,100.0,False,,44.0,16.5,0,0,0,20,20,90
1135010500_09,1,서울특별시 노원구,276.7,11,25,100.0,100.0,False,329.2,25.2,11.1,0,0,0,20,20,90
1135010500_10,1,서울특별시 노원구,477.1,16,31,90.0,87.5,True,269.2,29.8,15.4,0,0,0,0,0,100
1135010500_13,1,서울특별시 노원구,434.9,29,39,100.0,100.0,False,476.8,15.0,11.2,0,0,0,20,20,90
1135010500_14,1,서울특별시 노원구,427.0,23,47,100.0,100.0,False,351.2,18.6,9.1,0,0,0,20,20,90
1135010500_15,1,서울특별시 노원구,387.7,20,45,100.0,100.0,False,,19.4,8.6,0,0,0,20,20,90
1135010500_16,1,서울특별시 노원구,271.6,8,16,100.0,100.0,False,375.2,34.0,17.0,0,0,0,20,20,90
1135010500_17,1,서울특별시 노원구,332.6,11,27,100.0,100.0,False,345.4,30.2,12.3,0,0,0,20,20,90
1135010500_18,1,서울특별시 노원구,336.6,11,24,100.0,100.0,False,,30.6,14.0,0,0,0,20,20,90
1135010600_11,1,서울특별시 노원구,185.3,9,15,100.0,85.7,False,368.4,20.6,12.4,0,0,0,20,20,90
1135010600_12,1,서울특별시 노원구,223.0,9,19,100.0,100.0,False,501.2,24.8,11.7,0,0,0,20,20,90
1138010200_05,1,서울특별시 은평구,295.5,21,24,66.7,100.0,True,288.9,14.1,12.3,0,4,0,0,4,98
1138010300_01,1,서울특별시 은평구,364.0,20,25,87.5,100.0,False,333.7,18.2,14.6,0,0,0,20,20,90
1138010400_03,1,서울특별시 은평구,479.2,10,7,20.0,25.0,False,,47.9,68.5,0,12,30,20,62,69
1138010600_02,1,서울특별시 은평구,341.0,30,25,100.0,91.7,False,631.3,11.4,13.6,0,0,0,20,20,90
1138010600_04,1,서울특별시 은평구,516.9,32,34,81.8,100.0,False,472.1,16.2,15.2,0,0,0,20,20,90
1138010700_01,1,서울특별시 은평구,313.8,19,9,85.7,81.8,False,613.8,16.5,34.9,0,0,0,20,20,90
1138010700_03,1,서울특별시 은평구,205.4,18,19,80.0,100.0,True,206.2,11.4,10.8,0,0,0,0,0,100
1138010800_02,1,서울특별시 은평구,571.4,46,40,83.3,95.0,True,68.2,12.4,14.3,0,0,0,0,0,100
1138010800_06,1,서울특별시 은평구,305.3,14,25,85.7,100.0,False,300.6,21.8,12.2,0,0,0,20,20,90
1138010900_04,1,서울특별시 은평구,522.6,36,50,72.7,100.0,False,,14.5,10.5,0,4,0,20,24,88
1141011000_01,1,서울특별시 서대문구,268.2,15,34,83.3,100.0,False,,17.9,7.9,0,0,0,20,20,90
1141011000_02,1,서울특별시 서대문구,573.9,18,55,41.7,100.0,False,,31.9,10.4,0,8,0,20,28,86
1141011100_07,1,서울특별시 서대문구,260.0,25,31,83.3,100.0,True,298.8,10.4,8.4,0,0,0,0,0,100
1141011100_14,1,서울특별시 서대문구,262.4,15,18,83.3,100.0,True,14.0,17.5,14.6,0,0,0,0,0,100
1141011100_15,1,서울특별시 서대문구,232.6,17,36,60.0,100.0,True,154.8,13.7,6.5,0,4,0,0,4,98
1141011300_04,1,서울특별시 서대문구,296.0,19,76,100.0,100.0,False,,15.6,3.9,0,0,0,20,20,90
1141011600_03,1,서울특별시 서대문구,379.7,27,30,100.0,92.3,True,243.1,14.1,12.7,0,0,0,0,0,100
1141011700_08,1,서울특별시 서대문구,202.1,13,20,100.0,100.0,False,,15.5,10.1,0,0,0,20,20,90
1141011700_09,1,서울특별시 서대문구,527.5,14,78,18.2,100.0,False,470.6,37.7,6.8,0,15,0,20,35,82
1141011800_06,1,서울특별시 서대문구,217.6,10,38,60.0,100.0,False,560.1,21.8,5.7,0,4,0,20,24,88
1141011800_16,1,서울특별시 서대문구,283.8,13,20,100.0,100.0,False,,21.8,14.2,0,0,0,20,20,90
1141011800_17,1,서울특별시 서대문구,234.7,14,26,100.0,100.0,False,,16.8,9.0,0,0,0,20,20,90
1141011900_12,1,서울특별시 서대문구,349.8,27,40,100.0,100.0,True,199.6,13.0,8.7,0,0,0,0,0,100
1141011900_13,1,서울특별시 서대문구,216.4,17,23,80.0,100.0,False,335.7,12.7,9.4,0,0,0,20,20,90
1141012000_10,1,서울특별시 서대문구,312.8,14,30,85.7,90.9,True,87.9,22.3,10.4,0,0,0,0,0,100
1141012000_11,1,서울특별시 서대문구,345.7,31,36,85.7,100.0,True,203.3,11.2,9.6,0,0,0,0,0,100
1144010100_01,1,서울특별시 마포구,277.0,23,0,83.3,0.0,False,443.4,12.0,,0,0,45,20,65,68
1144010800_02,1,서울특별시 마포구,259.9,18,0,100.0,0.0,False,505.0,14.4,,0,0,45,20,65,68
1144011000_05,1,서울특별시 마포구,454.1,32,0,90.0,0.0,False,431.3,14.2,,0,0,45,20,65,68
1144011300_04,1,서울특별시 마포구,224.4,16,0,100.0,0.0,False,309.2,14.0,,0,0,45,20,65,68
1144011400_06,1,서울특별시 마포구,740.5,20,0,93.3,0.0,False,,37.0,,0,0,45,20,65,68
1144011500_03,1,서울특별시 마포구,331.2,20,0,100.0,0.0,False,,16.6,,0,0,45,20,65,68
1144012100_09,1,서울특별시 마포구,181.7,12,0,75.0,0.0,True,179.5,15.1,,0,4,45,0,49,76
1144012300_08,1,서울특별시 마포구,333.6,20,0,85.7,0.0,False,491.7,16.7,,0,0,45,20,65,68
1144012300_10,1,서울특별시 마포구,417.5,14,0,88.9,0.0,False,415.9,29.8,,0,0,45,20,65,68
1144012500_07,1,서울특별시 마포구,258.4,13,0,83.3,0.0,False,,19.9,,0,0,45,20,65,68
1147010100_01,1,서울특별시 양천구,486.1,48,1,90.0,0.0,False,,10.1,486.1,0,0,45,20,65,68
1147010300_02,1,서울특별시 양천구,638.6,63,0,92.3,0.0,False,344.4,10.1,,0,0,45,20,65,68
1147010300_03,1,서울특별시 양천구,388.4,59,0,87.5,0.0,True,137.1,6.6,,0,0,45,0,45,78
1147010300_04,1,서울특별시 양천구,390.3,45,0,100.0,0.0,True,73.8,8.7,,0,0,45,0,45,78
1150010100_16,1,서울특별시 강서구,293.1,10,0,66.7,0.0,True,85.7,29.3,,0,4,45,0,49,76
1150010200_17,1,서울특별시 강서구,309.6,10,0,85.7,0.0,False,,31.0,,0,0,45,20,65,68
1150010200_20,1,서울특별시 강서구,252.1,16,0,100.0,0.0,False,,15.8,,0,0,45,20,65,68
1150010200_21,1,서울특별시 강서구,231.7,19,0,100.0,0.0,False,515.6,12.2,,0,0,45,20,65,68
1150010300_01,1,서울특별시 강서구,232.2,8,0,80.0,0.0,True,264.8,29.0,,0,0,45,0,45,78
1150010300_02,1,서울특별시 강서구,218.8,17,0,100.0,0.0,False,,12.9,,0,0,45,20,65,68
1150010300_05,1,서울특별시 강서구,302.7,16,0,85.7,0.0,False,543.5,18.9,,0,0,45,20,65,68
1150010300_06,1,서울특별시 강서구,376.3,19,0,100.0,0.0,False,570.5,19.8,,0,0,45,20,65,68
1150010300_15,1,서울특별시 강서구,337.7,24,0,100.0,0.0,False,332.2,14.1,,0,0,45,20,65,68
1150010300_19,1,서울특별시 강서구,364.7,17,0,100.0,0.0,True,233.7,21.5,,0,0,45,0,45,78
1150010800_08,1,서울특별시 강서구,287.4,17,0,83.3,0.0,False,376.3,16.9,,0,0,45,20,65,68
1150010800_09,1,서울특별시 강서구,268.2,10,0,100.0,0.0,False,362.5,26.8,,0,0,45,20,65,68
1150010900_07,1,서울특별시 강서구,484.3,23,0,80.0,0.0,False,,21.1,,0,0,45,20,65,68
1150010900_23,1,서울특별시 강서구,159.1,13,0,100.0,0.0,True,171.4,12.2,,0,0,45,0,45,78
1150010900_24,1,서울특별시 강서구,149.7,6,0,66.7,0.0,True,195.1,25.0,,0,4,45,0,49,76
1153010200_01,1,서울특별시 구로구,231.3,13,0,80.0,0.0,False,,17.8,,0,0,45,20,65,68
1153010200_02,1,서울특별시 구로구,269.2,26,0,100.0,0.0,False,709.5,10.4,,0,0,45,20,65,68
1153010200_05,1,서울특별시 구로구,203.7,29,0,100.0,0.0,False,385.7,7.0,,0,0,45,20,65,68
1153010200_14,1,서울특별시 구로구,382.6,28,0,100.0,0.0,False,420.6,13.7,,0,0,45,20,65,68
1153010300_16,1,서울특별시 구로구,288.4,35,0,100.0,0.0,True,257.5,8.2,,0,0,45,0,45,78
1153010600_06,1,서울특별시 구로구,502.8,24,0,90.9,0.0,False,423.8,21.0,,0,0,45,20,65,68
1153010700_10,1,서울특별시 구로구,389.2,34,0,100.0,0.0,False,536.8,11.4,,0,0,45,20,65,68
1153010800_09,1,서울특별시 구로구,323.7,23,0,100.0,0.0,False,468.3,14.1,,0,0,45,20,65,68
1153010800_12,1,서울특별시 구로구,342.1,27,0,100.0,0.0,True,62.9,12.7,,0,0,45,0,45,78
1154510100_03,1,서울특별시 금천구,325.4,33,0,100.0,0.0,True,213.0,9.9,,0,0,45,0,45,78
1154510200_01,1,서울특별시 금천구,223.8,17,0,100.0,0.0,True,286.4,13.2,,0,0,45,0,45,78
1154510200_04,1,서울특별시 금천구,1331.8,26,0,77.8,0.0,True,246.0,51.2,,5,4,45,0,54,73
1154510200_05,1,서울특별시 금천구,340.1,16,0,57.1,0.0,True,111.6,21.3,,0,8,45,0,53,74
1154510300_02,1,서울특별시 금천구,320.0,24,0,85.7,0.0,False,427.2,13.3,,0,0,45,20,65,68
1154510300_06,1,서울특별시 금천구,440.7,13,0,22.2,0.0,True,70.9,33.9,,0,12,45,0,57,72
1156010100_29,1,서울특별시 영등포구,444.5,9,0,77.8,0.0,True,8.9,49.4,,0,4,45,0,49,76
1156010800_02,1,서울특별시 영등포구,294.0,4,0,83.3,0.0,False,,73.5,,5,0,45,20,70,65
1156011100_18,1,서울특별시 영등포구,295.1,5,0,100.0,0.0,False,,59.0,,5,0,45,20,70,65
1156011400_21,1,서울특별시 영등포구,563.8,8,0,91.7,0.0,False,470.1,70.5,,5,0,45,20,70,65
1156011600_19,1,서울특별시 영등포구,353.0,10,0,87.5,0.0,True,227.2,35.3,,0,0,45,0,45,78
1156011800_09,1,서울특별시 영등포구,392.0,5,0,62.5,0.0,False,,78.4,,10,4,45,20,79,60
1156012600_16,1,서울특별시 영등포구,463.9,4,0,80.0,0.0,False,388.4,116.0,,15,0,45,20,80,60
1156012800_20,1,서울특별시 영등포구,366.0,9,1,75.0,7.7,False,455.8,40.7,366.0,0,4,45,20,69,66
1156013200_11,1,서울특별시 영등포구,178.4,4,0,75.0,0.0,True,237.1,44.6,,0,4,45,0,49,76
1156013200_13,1,서울특별시 영등포구,741.9,9,0,86.7,0.0,False,491.0,82.4,,10,0,45,20,75,62
1156013200_14,1,서울특별시 영등포구,479.7,10,0,80.0,0.0,True,258.5,48.0,,0,0,45,0,45,78
1156013200_15,1,서울특별시 영등포구,529.9,9,0,90.9,0.0,False,742.5,58.9,,5,0,45,20,70,65
1156013300_22,1,서울특별시 영등포구,499.6,19,0,100.0,0.0,True,147.6,26.3,,0,0,45,0,45,78
1156013300_23,1,서울특별시 영등포구,312.8,12,0,100.0,0.0,False,349.2,26.1,,0,0,45,20,65,68
1156013300_26,1,서울특별시 영등포구,279.4,5,0,66.7,0.0,True,218.2,55.9,,5,4,45,0,54,73
1159010100_01,1,서울특별시 동작구,426.0,7,41,55.6,100.0,False,,60.9,10.4,5,8,0,20,33,84
1159010100_02,1,서울특별시 동작구,222.5,3,8,40.0,75.0,False,504.9,74.2,27.8,5,8,10,20,43,78
1159010200_05,1,서울특별시 동작구,500.8,29,23,72.7,88.2,False,,17.3,21.8,0,4,0,20,24,88
1159010200_06,1,서울특별시 동작구,601.5,25,55,76.9,100.0,False,472.5,24.1,10.9,0,4,0,20,24,88
1159010200_17,1,서울특별시 동작구,299.1,15,27,100.0,100.0,False,,19.9,11.1,0,0,0,20,20,90
1159010200_18,1,서울특별시 동작구,331.3,15,23,71.4,100.0,False,666.4,22.1,14.4,0,4,0,20,24,88
1159010300_07,1,서울특별시 동작구,252.5,11,23,83.3,100.0,False,,23.0,11.0,0,0,0,20,20,90
1159010400_03,1,서울특별시 동작구,476.3,18,45,70.0,100.0,True,199.3,26.5,10.6,0,4,0,0,4,98
1159010400_04,1,서울특별시 동작구,344.6,11,36,85.7,100.0,False,320.1,31.3,9.6,0,0,0,20,20,90
1159010700_08,1,서울특별시 동작구,682.6,24,58,92.9,100.0,False,,28.4,11.8,0,0,0,20,20,90
1159010700_09,1,서울특별시 동작구,511.8,22,44,63.6,100.0,False,376.1,23.3,11.6,0,4,0,20,24,88
1159010700_10,1,서울특별시 동작구,626.8,31,63,76.9,100.0,True,57.9,20.2,9.9,0,4,0,0,4,98
1159010700_11,1,서울특별시 동작구,547.0,28,53,81.8,100.0,True,261.3,19.5,10.3,0,0,0,0,0,100
1159010700_12,1,서울특별시 동작구,456.9,12,42,60.0,100.0,True,75.9,38.1,10.9,0,4,0,0,4,98
1159010700_13,1,서울특별시 동작구,356.2,34,35,100.0,100.0,False,325.7,10.5,10.2,0,0,0,20,20,90
1159010900_14,1,서울특별시 동작구,259.7,9,26,50.0,100.0,True,295.4,28.9,10.0,0,8,0,0,8,96
1159010900_15,1,서울특별시 동작구,277.0,10,29,83.3,100.0,False,477.2,27.7,9.6,0,0,0,20,20,90
1159010900_16,1,서울특별시 동작구,185.3,14,28,75.0,100.0,True,119.2,13.2,6.6,0,4,0,0,4,98
1162010100_02,1,서울특별시 관악구,863.1,19,0,72.2,0.0,True,203.2,45.4,,0,4,45,0,49,76
1162010100_03,1,서울특별시 관악구,267.6,17,0,100.0,0.0,True,85.4,15.7,,0,0,45,0,45,78
1162010100_05,1,서울특별시 관악구,303.9,20,0,85.7,0.0,False,,15.2,,0,0,45,20,65,68
1162010100_08,1,서울특별시 관악구,716.8,22,0,100.0,0.0,False,624.4,32.6,,0,0,45,20,65,68
1162010100_11,1,서울특별시 관악구,1116.1,30,0,95.7,0.0,False,,37.2,,0,0,45,20,65,68
1162010100_12,1,서울특별시 관악구,285.4,26,0,100.0,0.0,False,678.9,11.0,,0,0,45,20,65,68
1162010200_01,1,서울특별시 관악구,1084.9,22,0,86.4,0.0,False,,49.3,,0,0,45,20,65,68
1162010200_04,1,서울특별시 관악구,518.2,12,0,72.7,0.0,False,496.7,43.2,,0,4,45,20,69,66
1162010200_06,1,서울특별시 관악구,505.0,31,0,81.8,0.0,True,104.3,16.3,,0,0,45,0,45,78
1162010200_07,1,서울특별시 관악구,620.0,46,0,84.6,0.0,True,121.8,13.5,,0,0,45,0,45,78
1162010200_09,1,서울특별시 관악구,399.4,23,0,100.0,0.0,False,325.7,17.4,,0,0,45,20,65,68
1162010200_10,1,서울특별시 관악구,379.1,19,0,100.0,0.0,True,40.6,20.0,,0,0,45,0,45,78
1162010200_13,1,서울특별시 관악구,345.5,16,0,71.4,0.0,False,403.0,21.6,,0,4,45,20,69,66
1162010200_14,1,서울특별시 관악구,1399.7,27,0,89.3,0.0,False,814.9,51.8,,5,0,45,20,70,65
1162010200_15,1,서울특별시 관악구,328.5,35,0,100.0,0.0,False,,9.4,,0,0,45,20,65,68
1162010200_16,1,서울특별시 관악구,535.8,34,0,100.0,0.0,True,282.2,15.8,,0,0,45,0,45,78
1162010200_17,1,서울특별시 관악구,1089.4,21,0,90.9,0.0,True,157.7,51.9,,5,0,45,0,50,75
1162010200_20,1,서울특별시 관악구,495.3,18,0,90.0,0.0,False,441.4,27.5,,0,0,45,20,65,68
1162010300_21,1,서울특별시 관악구,441.7,56,0,66.7,0.0,True,146.1,7.9,,0,4,45,0,49,76
1165010100_12,1,서울특별시 서초구,646.7,10,50,76.9,100.0,True,42.4,64.7,12.9,5,4,0,0,9,96
1165010100_13,1,서울특별시 서초구,613.6,12,28,84.6,61.9,False,510.7,51.1,21.9,5,0,10,20,35,82
1165010100_14,1,서울특별시 서초구,679.3,8,19,64.3,52.2,False,431.8,84.9,35.8,10,4,20,20,54,73
1165010100_15,1,서울특별시 서초구,623.0,15,24,69.2,47.6,False,359.8,41.5,26.0,0,4,20,20,44,78
1165010100_16,1,서울특별시 서초구,368.6,11,19,87.5,92.3,False,304.7,33.5,19.4,0,0,0,20,20,90
1165010100_17,1,서울특별시 서초구,254.7,9,14,100.0,100.0,True,134.4,28.3,18.2,0,0,0,0,0,100
1165010200_08,1,서울특별시 서초구,482.3,7,35,90.0,88.2,True,113.8,68.9,13.8,5,0,0,0,5,98
1165010200_09,1,서울특별시 서초구,322.6,15,17,100.0,90.9,False,,21.5,19.0,0,0,0,20,20,90
1165010300_10,1,서울특별시 서초구,216.4,4,20,80.0,100.0,False,,54.1,10.8,5,0,0,20,25,88
1165010600_02,1,서울특별시 서초구,465.9,6,23,50.0,81.2,False,,77.6,20.3,10,8,0,20,38,81
1165010700_01,1,서울특별시 서초구,594.3,13,48,66.7,100.0,False,,45.7,12.4,0,4,0,20,24,88
1165010700_18,1,서울특별시 서초구,298.2,4,18,100.0,100.0,False,464.9,74.5,16.6,5,0,0,20,25,88
1165010700_19,1,서울특별시 서초구,450.7,9,38,100.0,93.8,True,272.6,50.1,11.9,5,0,0,0,5,98
1165010800_03,1,서울특별시 서초구,320.1,7,15,85.7,63.6,True,213.1,45.7,21.3,0,0,10,0,10,95
1165010800_04,1,서울특별시 서초구,282.3,5,11,100.0,60.0,True,73.5,56.5,25.7,5,0,10,0,15,92
1165010800_05,1,서울특별시 서초구,296.5,5,26,66.7,90.0,True,179.5,59.3,11.4,5,4,0,0,9,96
1165010800_06,1,서울특별시 서초구,452.8,4,16,60.0,68.8,False,,113.2,28.3,15,4,10,20,49,76
1165010800_07,1,서울특별시 서초구,545.7,9,36,100.0,94.7,True,199.4,60.6,15.2,5,0,0,0,5,98
1165011000_11,1,서울특별시 서초구,334.7,5,18,57.1,100.0,False,,66.9,18.6,5,8,0,20,33,84
1168010100_01,1,서울특별시 강남구,470.6,19,0,80.0,0.0,False,,24.8,,0,0,45,20,65,68
1168010100_02,1,서울특별시 강남구,545.7,31,0,72.7,0.0,True,259.0,17.6,,0,4,45,0,49,76
1168010100_09,1,서울특별시 강남구,436.3,21,0,77.8,0.0,False,489.3,20.8,,0,4,45,20,69,66
1168010100_18,1,서울특별시 강남구,450.3,43,0,80.0,0.0,True,15.3,10.5,,0,0,45,0,45,78
1168010300_05,1,서울특별시 강남구,211.5,32,0,100.0,0.0,False,352.7,6.6,,0,0,45,20,65,68
1168010400_12,1,서울특별시 강남구,379.1,34,0,100.0,0.0,False,,11.1,,0,0,45,20,65,68
1168010400_13,1,서울특별시 강남구,401.0,36,0,100.0,0.0,False,572.5,11.1,,0,0,45,20,65,68
1168010500_08,1,서울특별시 강남구,406.1,25,0,77.8,0.0,True,158.0,16.2,,0,4,45,0,49,76
1168010500_10,1,서울특별시 강남구,458.1,38,0,100.0,0.0,False,,12.1,,0,0,45,20,65,68
1168010500_11,1,서울특별시 강남구,831.0,48,0,82.4,0.0,True,7.8,17.3,,0,0,45,0,45,78
1168010500_20,1,서울특별시 강남구,295.0,28,0,100.0,0.0,False,,10.5,,0,0,45,20,65,68
1168010600_03,1,서울특별시 강남구,225.7,22,0,100.0,0.0,False,,10.3,,0,0,45,20,65,68
1168010600_04,1,서울특별시 강남구,311.8,22,0,100.0,0.0,False,,14.2,,0,0,45,20,65,68
1168010700_15,1,서울특별시 강남구,302.2,29,0,100.0,0.0,True,299.5,10.4,,0,0,45,0,45,78
1168010700_17,1,서울특별시 강남구,453.3,30,0,90.0,0.0,False,387.8,15.1,,0,0,45,20,65,68
1168010800_03,1,서울특별시 강남구,224.4,15,0,80.0,0.0,False,,15.0,,0,0,45,20,65,68
1168010800_04,1,서울특별시 강남구,403.5,39,0,100.0,0.0,False,483.9,10.3,,0,0,45,20,65,68
1168010800_05,1,서울특별시 강남구,782.4,37,0,75.0,0.0,True,57.7,21.1,,0,4,45,0,49,76
1168010800_06,1,서울특별시 강남구,647.7,38,0,84.6,0.0,False,613.4,17.0,,0,0,45,20,65,68
1168010800_07,1,서울특별시 강남구,723.3,36,0,86.7,0.0,True,88.8,20.1,,0,0,45,0,45,78
1168010800_19,1,서울특별시 강남구,341.5,28,0,100.0,0.0,True,58.9,12.2,,0,0,45,0,45,78
1168011300_07,1,서울특별시 강남구,325.9,21,0,57.1,0.0,False,,15.5,,0,8,45,20,73,64
1168011400_06,1,서울특별시 강남구,588.9,61,0,100.0,0.0,True,62.4,9.7,,0,0,45,0,45,78
1168011800_01,1,서울특별시 강남구,330.2,21,0,85.7,0.0,False,399.2,15.7,,0,0,45,20,65,68
1171010100_04,1,서울특별시 송파구,369.1,14,0,87.5,0.0,False,605.4,26.4,,0,0,45,20,65,68
1171010100_06,1,서울특별시 송파구,635.6,18,0,69.2,0.0,True,95.4,35.3,,0,4,45,0,49,76
1171010300_19,1,서울특별시 송파구,555.8,20,0,66.7,0.0,True,253.4,27.8,,0,4,45,0,49,76
1171010400_02,1,서울특별시 송파구,426.2,15,0,100.0,0.0,False,,28.4,,0,0,45,20,65,68
1171010400_03,1,서울특별시 송파구,530.1,16,0,72.7,0.0,False,,33.1,,0,4,45,20,69,66
1171010500_07,1,서울특별시 송파구,271.5,20,0,83.3,0.0,False,,13.6,,0,0,45,20,65,68
1171010500_09,1,서울특별시 송파구,245.0,10,0,60.0,0.0,False,,24.5,,0,4,45,20,69,66
1171010600_08,1,서울특별시 송파구,284.9,22,0,66.7,0.0,True,230.0,13.0,,0,4,45,0,49,76
1171010700_11,1,서울특별시 송파구,568.3,26,0,83.3,0.0,False,,21.9,,0,0,45,20,65,68
1171010700_11-1,1,서울특별시 송파구,819.9,29,0,88.2,0.0,False,483.3,28.3,,0,0,45,20,65,68
1171011100_01,1,서울특별시 송파구,549.8,26,0,100.0,0.0,True,33.2,21.1,,0,0,45,0,45,78
1171011100_22,1,서울특별시 송파구,347.0,10,0,57.1,0.0,True,180.7,34.7,,0,8,45,0,53,74
1171011200_23,1,서울특별시 송파구,420.4,11,0,66.7,0.0,False,,38.2,,0,4,45,20,69,66
1171011400_14,1,서울특별시 송파구,639.5,25,0,84.6,0.0,True,57.3,25.6,,0,0,45,0,45,78
1171011400_15,1,서울특별시 송파구,363.6,16,0,62.5,0.0,False,343.8,22.7,,0,4,45,20,69,66
1174010100_13,1,서울특별시 강동구,234.4,16,13,80.0,100.0,False,409.6,14.6,18.0,0,0,0,20,20,90
1174010100_14,1,서울특별시 강동구,484.4,16,32,80.0,100.0,False,,30.3,15.1,0,0,0,20,20,90
1174010200_11,1,서울특별시 강동구,318.1,19,25,85.7,100.0,False,498.8,16.7,12.7,0,0,0,20,20,90
1174010200_12,1,서울특별시 강동구,372.7,23,29,100.0,100.0,False,367.9,16.2,12.9,0,0,0,20,20,90
1174010500_03,1,서울특별시 강동구,352.1,10,15,62.5,83.3,False,,35.2,23.5,0,4,0,20,24,88
1174010500_04,1,서울특별시 강동구,501.8,5,35,54.5,100.0,False,,100.4,14.3,15,8,0,20,43,78
1174010500_05,1,서울특별시 강동구,449.9,10,36,77.8,100.0,False,,45.0,12.5,0,4,0,20,24,88
1174010600_15,1,서울특별시 강동구,377.5,10,28,62.5,100.0,True,122.0,37.7,13.5,0,4,0,0,4,98
1174010600_16,1,서울특별시 강동구,316.2,5,23,42.9,90.9,False,387.8,63.2,13.7,5,8,0,20,33,84
1174010700_06,1,서울특별시 강동구,349.2,26,28,85.7,100.0,False,,13.4,12.5,0,0,0,20,20,90
1174010700_07,1,서울특별시 강동구,217.4,19,19,100.0,100.0,False,489.2,11.4,11.4,0,0,0,20,20,90
1174010700_08,1,서울특별시 강동구,310.5,19,28,85.7,90.9,False,448.4,16.3,11.1,0,0,0,20,20,90
1174010800_09,1,서울특별시 강동구,498.8,30,38,90.0,100.0,False,399.0,16.6,13.1,0,0,0,20,20,90
1174010800_10,1,서울특별시 강동구,502.1,30,27,72.7,100.0,False,506.2,16.7,18.6,0,4,0,20,24,88
1174010900_01,1,서울특별시 강동구,444.2,22,42,77.8,100.0,True,59.9,20.2,10.6,0,4,0,0,4,98
1174010900_02,1,서울특별시 강동구,347.8,23,41,85.7,100.0,False,,15.1,8.5,0,0,0,20,20,90
CMP-001,0,,1008.0,53,59,81.0,76.5,True,75.4,19.0,17.1,0,0,10,0,10,95
CMP-002,0,,491.0,9,9,80.0,47.1,False,502.0,54.6,54.6,5,0,20,20,45,78
CMP-003,0,,1395.0,19,36,25.0,59.6,True,168.9,73.4,38.8,5,12,20,0,37,82
CMP-004,0,,1008.0,53,59,81.0,76.5,True,75.4,19.0,17.1,0,0,10,0,10,95
CMP-005,0,,491.0,9,9,80.0,47.1,False,502.0,54.6,54.6,5,0,20,20,45,78
CMP-006,0,,1395.0,19,36,25.0,59.6,True,168.9,73.4,38.8,5,12,20,0,37,82
CMP-007,0,,915.0,117,6,84.2,12.9,False,,7.8,152.5,0,0,45,20,65,68
CMP-008,0,,1181.0,4,46,16.7,65.0,False,305.3,295.2,25.7,20,15,10,20,65,68
CMP-009,0,,563.0,40,43,83.3,100.0,True,95.5,14.1,13.1,0,0,0,0,0,100
CMP-010,0,,931.0,37,39,63.2,71.9,True,56.0,25.2,23.9,0,4,10,0,14,93
CMP-011,0,,833.0,48,0,82.4,0.0,True,9.8,17.4,,0,0,45,0,45,78
CMP-012,0,,797.0,9,12,68.8,29.6,False,472.4,88.6,66.4,10,4,30,20,64,68
CMP-014,0,,718.0,8,43,60.0,50.0,False,,89.8,16.7,10,4,20,20,54,73
CMP-015,0,,1129.0,14,58,34.8,97.4,True,62.1,80.6,19.5,10,12,0,0,22,89
CMP-016,0,,1036.0,52,81,57.1,97.1,True,9.6,19.9,12.8,0,8,0,0,8,96
CMP-017,0,,931.0,13,22,78.9,50.0,True,179.1,71.6,42.3,5,4,20,0,29,86
CMP-018,0,,833.0,55,13,58.8,32.1,False,580.7,15.1,64.1,0,8,30,20,58,71
CMP-019,0,,845.0,2,17,23.5,62.1,False,,422.5,49.7,20,12,10,20,62,69
CMP-020,0,,370.0,5,39,87.5,100.0,False,695.6,74.0,9.5,5,0,0,20,25,88
CMP-021,0,,1268.0,16,35,57.7,60.5,False,406.0,79.2,36.2,10,8,10,20,48,76
CMP-022,0,,1053.0,25,42,54.5,83.3,True,247.1,42.1,25.1,0,8,0,0,8,96
CMP-023,0,,1175.0,25,55,62.5,70.0,False,,47.0,21.4,0,4,10,20,34,83
CMP-024,0,,467.0,7,40,80.0,93.8,False,655.2,66.7,11.7,5,0,0,20,25,88
CMP-025,0,,711.0,58,15,86.7,33.3,False,,12.3,47.4,0,0,30,20,50,75
CMP-026,0,,831.0,32,8,64.7,10.7,True,292.3,26.0,103.9,0,4,45,0,49,76
CMP-027,0,,1298.0,23,72,30.8,52.3,False,302.4,56.4,18.0,5,12,20,20,57,72
CMP-029,0,,1049.0,20,0,47.6,0.0,True,105.7,52.5,,5,8,45,0,58,71
CMP-030,0,,430.0,21,17,55.6,33.3,False,367.9,20.5,25.3,0,8,30,20,58,71
CMP-031,0,,1115.0,38,0,69.6,0.0,False,573.6,29.3,,0,4,45,20,69,66
CMP-032,0,,565.0,28,44,91.7,100.0,False,,20.2,12.8,0,0,0,20,20,90
CMP-033,0,,534.0,11,6,90.9,38.9,False,,48.5,89.0,0,0,30,20,50,75
CMP-034,0,,741.0,12,20,80.0,68.0,False,379.4,61.8,37.0,5,0,10,20,35,82
CMP-035,0,,1058.0,12,308,50.0,55.6,False,,88.2,3.4,10,8,20,20,58,71
CMP-036,0,,522.0,20,0,100.0,0.0,False,458.8,26.1,,0,0,45,20,65,68
CMP-037,0,,1388.0,49,42,50.0,44.7,False,476.0,28.3,33.0,0,8,20,20,48,76
CMP-038,0,,1385.0,28,73,50.0,70.2,False,631.9,49.5,19.0,0,8,10,20,38,81
CMP-040,0,,466.0,8,834,70.0,18.8,False,,58.2,0.6,5,4,45,20,74,63
CMP-041,0,,1149.0,16,16,52.2,43.6,True,281.4,71.8,71.8,5,8,20,0,33,84
CMP-042,0,,693.0,35,35,50.0,83.3,True,98.5,19.8,19.8,0,8,0,0,8,96
CMP-043,0,,1174.0,23,38,70.8,55.0,True,121.4,51.0,30.9,5,4,20,0,29,86
CMP-044,0,,1083.0,51,59,77.3,67.6,True,153.7,21.2,18.4,0,4,10,0,14,93
CMP-045,0,,484.0,10,20,100.0,94.1,False,,48.4,24.2,0,0,0,20,20,90
CMP-046,0,,779.0,11,13,87.5,30.8,False,,70.8,59.9,5,0,30,20,55,72
CMP-047,0,,960.0,15,23,75.0,56.2,False,,64.0,41.7,5,4,20,20,49,76
CMP-048,0,,1158.0,50,0,75.0,0.0,True,247.4,23.2,,0,4,45,0,49,76
CMP-049,0,,1032.0,22,46,52.4,62.9,True,28.5,46.9,22.4,0,8,10,0,18,91
CMP-050,0,,775.0,72,59,93.8,100.0,False,,10.8,13.1,0,0,0,20,20,90
CMP-048,0,,1008.0,53,59,81.0,76.5,True,75.4,19.0,17.1,0,0,10,0,10,95
CMP-049,0,,491.0,9,9,80.0,47.1,False,502.0,54.6,54.6,5,0,20,20,45,78
CMP-050,0,,1395.0,19,36,25.0,59.6,True,168.9,73.4,38.8,5,12,20,0,37,82
